--
-- PostgreSQL database dump
--

\restrict 7ryLW0WD8bGwM245EWjDk8uxa1BfuKM1NMmg0nPTowOUyuXSqtEAQwg4gVTbe1C

-- Dumped from database version 16.11 (Homebrew)
-- Dumped by pg_dump version 16.11 (Homebrew)

SET statement_timeout = 0;
SET lock_timeout = 0;
SET idle_in_transaction_session_timeout = 0;
SET client_encoding = 'UTF8';
SET standard_conforming_strings = on;
SELECT pg_catalog.set_config('search_path', '', false);
SET check_function_bodies = false;
SET xmloption = content;
SET client_min_messages = warning;
SET row_security = off;

--
-- Data for Name: admin_audit_logs; Type: TABLE DATA; Schema: public; Owner: believer
--

INSERT INTO public.admin_audit_logs (id, admin_user_id, action, target_type, target_id, payload_json, created_at) VALUES (1, 4, 'admin_dashboard_overview', 'dashboard', '', '[]', '2026-02-11 23:16:41.947998');
INSERT INTO public.admin_audit_logs (id, admin_user_id, action, target_type, target_id, payload_json, created_at) VALUES (2, 4, 'admin_users_list', 'users', '', '{"q": "", "page": 1, "role": "", "limit": 50, "status": ""}', '2026-02-11 23:17:10.53089');
INSERT INTO public.admin_audit_logs (id, admin_user_id, action, target_type, target_id, payload_json, created_at) VALUES (3, 4, 'admin_points_ledger_query', 'points_ledger', '', '{"q": "", "limit": 80, "userId": 0}', '2026-02-11 23:17:15.340659');
INSERT INTO public.admin_audit_logs (id, admin_user_id, action, target_type, target_id, payload_json, created_at) VALUES (4, 4, 'admin_tutorials_list', 'tutorials', '', '{"q": "", "limit": 120, "published": ""}', '2026-02-11 23:17:20.288795');
INSERT INTO public.admin_audit_logs (id, admin_user_id, action, target_type, target_id, payload_json, created_at) VALUES (5, 4, 'admin_templates_list', 'publish_templates', '', '{"q": "", "type": "", "limit": 120, "isOnline": "", "reviewStatus": ""}', '2026-02-11 23:17:27.377377');
INSERT INTO public.admin_audit_logs (id, admin_user_id, action, target_type, target_id, payload_json, created_at) VALUES (6, 4, 'admin_tutorials_list', 'tutorials', '', '{"q": "", "limit": 120, "published": ""}', '2026-02-11 23:17:32.418577');
INSERT INTO public.admin_audit_logs (id, admin_user_id, action, target_type, target_id, payload_json, created_at) VALUES (7, 4, 'admin_tutorials_list', 'tutorials', '', '{"q": "", "limit": 120, "published": ""}', '2026-02-12 10:50:26.803832');
INSERT INTO public.admin_audit_logs (id, admin_user_id, action, target_type, target_id, payload_json, created_at) VALUES (8, 4, 'admin_templates_list', 'publish_templates', '', '{"q": "", "type": "", "limit": 120, "isOnline": "", "reviewStatus": ""}', '2026-02-12 10:51:46.278592');
INSERT INTO public.admin_audit_logs (id, admin_user_id, action, target_type, target_id, payload_json, created_at) VALUES (9, 4, 'admin_templates_list', 'publish_templates', '', '{"q": "", "type": "", "limit": 120, "isOnline": "", "reviewStatus": ""}', '2026-02-12 11:16:55.80005');
INSERT INTO public.admin_audit_logs (id, admin_user_id, action, target_type, target_id, payload_json, created_at) VALUES (10, 4, 'admin_tutorials_list', 'tutorials', '', '{"q": "", "limit": 120, "published": ""}', '2026-02-12 11:16:56.79529');
INSERT INTO public.admin_audit_logs (id, admin_user_id, action, target_type, target_id, payload_json, created_at) VALUES (11, 4, 'admin_tutorials_list', 'tutorials', '', '{"q": "", "limit": 120, "published": ""}', '2026-02-12 11:40:27.749589');
INSERT INTO public.admin_audit_logs (id, admin_user_id, action, target_type, target_id, payload_json, created_at) VALUES (12, 4, 'admin_tutorials_list', 'tutorials', '', '{"q": "", "limit": 120, "published": ""}', '2026-02-12 11:42:09.80241');
INSERT INTO public.admin_audit_logs (id, admin_user_id, action, target_type, target_id, payload_json, created_at) VALUES (13, 4, 'admin_tutorials_list', 'tutorials', '', '{"q": "", "limit": 120, "published": ""}', '2026-02-12 11:42:41.6524');
INSERT INTO public.admin_audit_logs (id, admin_user_id, action, target_type, target_id, payload_json, created_at) VALUES (14, 4, 'admin_tutorial_update', 'tutorials', '111', '{"title": "test", "sortOrder": 0, "isPublished": true}', '2026-02-12 11:42:59.222832');
INSERT INTO public.admin_audit_logs (id, admin_user_id, action, target_type, target_id, payload_json, created_at) VALUES (15, 4, 'admin_tutorials_list', 'tutorials', '', '{"q": "", "limit": 120, "published": ""}', '2026-02-12 11:43:00.728489');
INSERT INTO public.admin_audit_logs (id, admin_user_id, action, target_type, target_id, payload_json, created_at) VALUES (16, 4, 'admin_dashboard_overview', 'dashboard', '', '[]', '2026-02-12 11:45:54.667024');
INSERT INTO public.admin_audit_logs (id, admin_user_id, action, target_type, target_id, payload_json, created_at) VALUES (17, 4, 'admin_dashboard_overview', 'dashboard', '', '[]', '2026-02-12 11:45:56.35865');
INSERT INTO public.admin_audit_logs (id, admin_user_id, action, target_type, target_id, payload_json, created_at) VALUES (18, 4, 'admin_tutorials_list', 'tutorials', '', '{"q": "", "limit": 120, "published": ""}', '2026-02-12 11:45:57.531845');
INSERT INTO public.admin_audit_logs (id, admin_user_id, action, target_type, target_id, payload_json, created_at) VALUES (19, 4, 'admin_tutorial_create', 'tutorials', '1', '{"title": "111", "sortOrder": 0, "isPublished": true}', '2026-02-12 11:46:07.413953');
INSERT INTO public.admin_audit_logs (id, admin_user_id, action, target_type, target_id, payload_json, created_at) VALUES (20, 4, 'admin_tutorials_list', 'tutorials', '', '{"q": "", "limit": 120, "published": ""}', '2026-02-12 11:46:08.980291');
INSERT INTO public.admin_audit_logs (id, admin_user_id, action, target_type, target_id, payload_json, created_at) VALUES (21, 4, 'admin_dashboard_overview', 'dashboard', '', '[]', '2026-02-12 11:49:43.482231');
INSERT INTO public.admin_audit_logs (id, admin_user_id, action, target_type, target_id, payload_json, created_at) VALUES (22, 4, 'admin_tutorials_list', 'tutorials', '', '{"q": "", "limit": 120, "published": ""}', '2026-02-12 11:49:47.527762');
INSERT INTO public.admin_audit_logs (id, admin_user_id, action, target_type, target_id, payload_json, created_at) VALUES (23, 4, 'admin_templates_list', 'publish_templates', '', '{"q": "", "type": "", "limit": 120, "isOnline": "", "reviewStatus": ""}', '2026-02-12 11:49:48.31798');
INSERT INTO public.admin_audit_logs (id, admin_user_id, action, target_type, target_id, payload_json, created_at) VALUES (24, 4, 'admin_points_ledger_query', 'points_ledger', '', '{"q": "", "limit": 80, "userId": 0}', '2026-02-12 11:49:49.258343');
INSERT INTO public.admin_audit_logs (id, admin_user_id, action, target_type, target_id, payload_json, created_at) VALUES (25, 4, 'admin_points_adjust', 'users', '4', '{"delta": -5, "reason": "1", "wallet": {"paidBalance": 0, "bonusBalance": 0, "totalBalance": 0}}', '2026-02-12 11:50:16.427948');
INSERT INTO public.admin_audit_logs (id, admin_user_id, action, target_type, target_id, payload_json, created_at) VALUES (26, 4, 'admin_points_ledger_query', 'points_ledger', '', '{"q": "", "limit": 80, "userId": 0}', '2026-02-12 11:50:19.012142');
INSERT INTO public.admin_audit_logs (id, admin_user_id, action, target_type, target_id, payload_json, created_at) VALUES (27, 4, 'admin_points_ledger_query', 'points_ledger', '', '{"q": "", "limit": 80, "userId": 0}', '2026-02-12 11:50:22.693433');
INSERT INTO public.admin_audit_logs (id, admin_user_id, action, target_type, target_id, payload_json, created_at) VALUES (28, 4, 'admin_points_adjust', 'users', '4', '{"delta": 100, "reason": "2", "wallet": {"paidBalance": 100, "bonusBalance": 0, "totalBalance": 100}}', '2026-02-12 11:50:46.306401');
INSERT INTO public.admin_audit_logs (id, admin_user_id, action, target_type, target_id, payload_json, created_at) VALUES (29, 4, 'admin_points_ledger_query', 'points_ledger', '', '{"q": "", "limit": 80, "userId": 0}', '2026-02-12 11:50:47.370553');
INSERT INTO public.admin_audit_logs (id, admin_user_id, action, target_type, target_id, payload_json, created_at) VALUES (30, 4, 'admin_points_ledger_query', 'points_ledger', '', '{"q": "", "limit": 80, "userId": 0}', '2026-02-12 11:50:50.878072');
INSERT INTO public.admin_audit_logs (id, admin_user_id, action, target_type, target_id, payload_json, created_at) VALUES (31, 4, 'admin_users_list', 'users', '', '{"q": "", "page": 1, "role": "", "limit": 50, "status": ""}', '2026-02-12 11:50:53.245461');
INSERT INTO public.admin_audit_logs (id, admin_user_id, action, target_type, target_id, payload_json, created_at) VALUES (32, 4, 'admin_user_reset_password', 'users', '4', '[]', '2026-02-12 11:51:06.711128');
INSERT INTO public.admin_audit_logs (id, admin_user_id, action, target_type, target_id, payload_json, created_at) VALUES (33, 4, 'admin_user_reset_password', 'users', '4', '[]', '2026-02-12 11:51:20.801505');
INSERT INTO public.admin_audit_logs (id, admin_user_id, action, target_type, target_id, payload_json, created_at) VALUES (34, 4, 'admin_dashboard_overview', 'dashboard', '', '[]', '2026-02-12 11:51:30.434495');
INSERT INTO public.admin_audit_logs (id, admin_user_id, action, target_type, target_id, payload_json, created_at) VALUES (35, 4, 'admin_users_list', 'users', '', '{"q": "", "page": 1, "role": "", "limit": 50, "status": ""}', '2026-02-12 11:51:35.100307');
INSERT INTO public.admin_audit_logs (id, admin_user_id, action, target_type, target_id, payload_json, created_at) VALUES (36, 4, 'admin_points_ledger_query', 'points_ledger', '', '{"q": "", "limit": 80, "userId": 0}', '2026-02-12 11:51:35.816488');
INSERT INTO public.admin_audit_logs (id, admin_user_id, action, target_type, target_id, payload_json, created_at) VALUES (37, 4, 'admin_tutorials_list', 'tutorials', '', '{"q": "", "limit": 120, "published": ""}', '2026-02-12 11:51:36.403421');
INSERT INTO public.admin_audit_logs (id, admin_user_id, action, target_type, target_id, payload_json, created_at) VALUES (38, 4, 'admin_templates_list', 'publish_templates', '', '{"q": "", "type": "", "limit": 120, "isOnline": "", "reviewStatus": ""}', '2026-02-12 11:51:37.097037');
INSERT INTO public.admin_audit_logs (id, admin_user_id, action, target_type, target_id, payload_json, created_at) VALUES (39, 4, 'admin_dashboard_overview', 'dashboard', '', '[]', '2026-02-12 11:51:47.711215');
INSERT INTO public.admin_audit_logs (id, admin_user_id, action, target_type, target_id, payload_json, created_at) VALUES (40, 4, 'admin_users_list', 'users', '', '{"q": "", "page": 1, "role": "", "limit": 50, "status": ""}', '2026-02-12 11:51:48.102117');
INSERT INTO public.admin_audit_logs (id, admin_user_id, action, target_type, target_id, payload_json, created_at) VALUES (41, 4, 'admin_users_list', 'users', '', '{"q": "15829720207", "page": 1, "role": "", "limit": 50, "status": ""}', '2026-02-12 12:00:02.958268');
INSERT INTO public.admin_audit_logs (id, admin_user_id, action, target_type, target_id, payload_json, created_at) VALUES (42, 4, 'admin_dashboard_overview', 'dashboard', '', '[]', '2026-02-12 15:00:14.59053');
INSERT INTO public.admin_audit_logs (id, admin_user_id, action, target_type, target_id, payload_json, created_at) VALUES (43, 4, 'admin_dashboard_overview', 'dashboard', '', '[]', '2026-02-12 16:53:30.741827');
INSERT INTO public.admin_audit_logs (id, admin_user_id, action, target_type, target_id, payload_json, created_at) VALUES (44, 4, 'admin_dashboard_overview', 'dashboard', '', '[]', '2026-02-12 17:18:53.249649');
INSERT INTO public.admin_audit_logs (id, admin_user_id, action, target_type, target_id, payload_json, created_at) VALUES (45, 4, 'admin_dashboard_overview', 'dashboard', '', '[]', '2026-02-13 17:33:06.401359');
INSERT INTO public.admin_audit_logs (id, admin_user_id, action, target_type, target_id, payload_json, created_at) VALUES (46, 4, 'admin_dashboard_overview', 'dashboard', '', '[]', '2026-02-13 21:36:10.221004');
INSERT INTO public.admin_audit_logs (id, admin_user_id, action, target_type, target_id, payload_json, created_at) VALUES (47, 4, 'admin_users_list', 'users', '', '{"q": "", "page": 1, "role": "", "limit": 50, "status": ""}', '2026-02-13 21:36:13.091208');
INSERT INTO public.admin_audit_logs (id, admin_user_id, action, target_type, target_id, payload_json, created_at) VALUES (48, 4, 'admin_points_ledger_query', 'points_ledger', '', '{"q": "", "limit": 80, "userId": 0}', '2026-02-13 21:36:32.333208');
INSERT INTO public.admin_audit_logs (id, admin_user_id, action, target_type, target_id, payload_json, created_at) VALUES (49, 4, 'admin_tutorials_list', 'tutorials', '', '{"q": "", "limit": 120, "published": ""}', '2026-02-13 21:36:35.967689');
INSERT INTO public.admin_audit_logs (id, admin_user_id, action, target_type, target_id, payload_json, created_at) VALUES (50, 4, 'admin_points_ledger_query', 'points_ledger', '', '{"q": "", "limit": 80, "userId": 0}', '2026-02-13 21:36:38.791514');
INSERT INTO public.admin_audit_logs (id, admin_user_id, action, target_type, target_id, payload_json, created_at) VALUES (51, 4, 'admin_tutorials_list', 'tutorials', '', '{"q": "", "limit": 120, "published": ""}', '2026-02-13 21:36:40.767166');
INSERT INTO public.admin_audit_logs (id, admin_user_id, action, target_type, target_id, payload_json, created_at) VALUES (52, 4, 'admin_templates_list', 'publish_templates', '', '{"q": "", "type": "", "limit": 120, "isOnline": "", "reviewStatus": ""}', '2026-02-13 21:36:41.406797');
INSERT INTO public.admin_audit_logs (id, admin_user_id, action, target_type, target_id, payload_json, created_at) VALUES (53, 4, 'admin_dashboard_overview', 'dashboard', '', '[]', '2026-02-13 21:40:50.299018');
INSERT INTO public.admin_audit_logs (id, admin_user_id, action, target_type, target_id, payload_json, created_at) VALUES (54, 4, 'admin_templates_list', 'publish_templates', '', '{"q": "", "type": "", "limit": 120, "isOnline": "", "reviewStatus": ""}', '2026-02-13 21:40:52.189216');
INSERT INTO public.admin_audit_logs (id, admin_user_id, action, target_type, target_id, payload_json, created_at) VALUES (55, 4, 'admin_templates_list', 'publish_templates', '', '{"q": "", "type": "", "limit": 120, "isOnline": "", "reviewStatus": ""}', '2026-02-13 21:42:26.681425');
INSERT INTO public.admin_audit_logs (id, admin_user_id, action, target_type, target_id, payload_json, created_at) VALUES (56, 4, 'admin_dashboard_overview', 'dashboard', '', '[]', '2026-02-13 21:43:16.137749');
INSERT INTO public.admin_audit_logs (id, admin_user_id, action, target_type, target_id, payload_json, created_at) VALUES (57, 4, 'admin_tutorials_list', 'tutorials', '', '{"q": "", "limit": 120, "published": ""}', '2026-02-13 21:43:17.432615');
INSERT INTO public.admin_audit_logs (id, admin_user_id, action, target_type, target_id, payload_json, created_at) VALUES (58, 4, 'admin_templates_list', 'publish_templates', '', '{"q": "", "type": "", "limit": 120, "isOnline": "", "reviewStatus": ""}', '2026-02-13 21:43:18.586836');
INSERT INTO public.admin_audit_logs (id, admin_user_id, action, target_type, target_id, payload_json, created_at) VALUES (59, 4, 'admin_template_set_review', 'publish_templates', '22', '{"reviewNote": "", "reviewStatus": "approved"}', '2026-02-13 21:43:21.62034');
INSERT INTO public.admin_audit_logs (id, admin_user_id, action, target_type, target_id, payload_json, created_at) VALUES (60, 4, 'admin_templates_list', 'publish_templates', '', '{"q": "", "type": "", "limit": 120, "isOnline": "", "reviewStatus": ""}', '2026-02-13 21:43:21.653286');
INSERT INTO public.admin_audit_logs (id, admin_user_id, action, target_type, target_id, payload_json, created_at) VALUES (61, 4, 'admin_dashboard_overview', 'dashboard', '', '[]', '2026-02-14 10:18:20.18786');
INSERT INTO public.admin_audit_logs (id, admin_user_id, action, target_type, target_id, payload_json, created_at) VALUES (62, 4, 'admin_users_list', 'users', '', '{"q": "", "page": 1, "role": "", "limit": 50, "status": ""}', '2026-02-14 10:18:25.14197');
INSERT INTO public.admin_audit_logs (id, admin_user_id, action, target_type, target_id, payload_json, created_at) VALUES (63, 4, 'admin_points_ledger_query', 'points_ledger', '', '{"q": "", "limit": 80, "userId": 0}', '2026-02-14 10:18:31.122231');
INSERT INTO public.admin_audit_logs (id, admin_user_id, action, target_type, target_id, payload_json, created_at) VALUES (64, 4, 'admin_tutorials_list', 'tutorials', '', '{"q": "", "limit": 120, "published": ""}', '2026-02-14 10:18:35.662935');
INSERT INTO public.admin_audit_logs (id, admin_user_id, action, target_type, target_id, payload_json, created_at) VALUES (65, 4, 'admin_templates_list', 'publish_templates', '', '{"q": "", "type": "", "limit": 120, "isOnline": "", "reviewStatus": ""}', '2026-02-14 10:19:14.420742');
INSERT INTO public.admin_audit_logs (id, admin_user_id, action, target_type, target_id, payload_json, created_at) VALUES (66, 4, 'admin_dashboard_overview', 'dashboard', '', '[]', '2026-02-14 10:26:43.107259');
INSERT INTO public.admin_audit_logs (id, admin_user_id, action, target_type, target_id, payload_json, created_at) VALUES (67, 4, 'admin_templates_list', 'publish_templates', '', '{"q": "", "type": "", "limit": 120, "isOnline": "", "reviewStatus": ""}', '2026-02-14 10:26:45.008362');
INSERT INTO public.admin_audit_logs (id, admin_user_id, action, target_type, target_id, payload_json, created_at) VALUES (68, 4, 'admin_dashboard_overview', 'dashboard', '', '[]', '2026-02-14 10:35:20.498199');
INSERT INTO public.admin_audit_logs (id, admin_user_id, action, target_type, target_id, payload_json, created_at) VALUES (69, 4, 'admin_templates_list', 'publish_templates', '', '{"q": "", "type": "", "limit": 120, "isOnline": "", "reviewStatus": ""}', '2026-02-14 10:35:21.722407');
INSERT INTO public.admin_audit_logs (id, admin_user_id, action, target_type, target_id, payload_json, created_at) VALUES (70, 4, 'admin_tutorials_list', 'tutorials', '', '{"q": "", "limit": 120, "published": ""}', '2026-02-14 10:35:22.645223');


--
-- Data for Name: assets; Type: TABLE DATA; Schema: public; Owner: believer
--

INSERT INTO public.assets (id, user_id, title, image, type, model, prompt, created_at) VALUES (30, 5, '回归测试：海边日落，写实', 'https://openpt.wuyinkeji.com/7a9717818fd0472e92970c299d42ccda.png', 'image', 'banana', '回归测试：海边日落，写实', '2026-02-12 17:43:06.335682');
INSERT INTO public.assets (id, user_id, title, image, type, model, prompt, created_at) VALUES (1, 4, '生成的图片1', 'https://ai-design-vedio.oss-cn-beijing.aliyuncs.com/assets/images/generated/2026/02/13/6dd7257ff295e88b.jpg', 'image', 'banana pro', '一个美丽的风景画', '2026-02-10 16:47:35.740343');
INSERT INTO public.assets (id, user_id, title, image, type, model, prompt, created_at) VALUES (3, 4, '生成的图片2', 'https://ai-design-vedio.oss-cn-beijing.aliyuncs.com/assets/images/generated/2026/02/13/01353089a97e110c.jpg', 'image', 'banana pro', '圣诞主题的海报设计', '2026-02-10 16:47:35.740343');
INSERT INTO public.assets (id, user_id, title, image, type, model, prompt, created_at) VALUES (29, 4, '生成美女图片', 'https://ai-design-vedio.oss-cn-beijing.aliyuncs.com/assets/images/generated/2026/02/13/d0c7f320bc4f9c49.png', 'image', 'banana-pro', '生成美女图片', '2026-02-12 15:43:55.97135');
INSERT INTO public.assets (id, user_id, title, image, type, model, prompt, created_at) VALUES (31, 4, '生成美女图', 'https://ai-design-vedio.oss-cn-beijing.aliyuncs.com/assets/images/generated/2026/02/13/b60f7101c01f0273.png', 'image', 'banana-pro', '生成美女图', '2026-02-13 17:59:41.580646');
INSERT INTO public.assets (id, user_id, title, image, type, model, prompt, created_at) VALUES (32, 4, '生成美女在厨房做饭的视频', 'https://ai-design-vedio.oss-cn-beijing.aliyuncs.com/assets/videos/generated/2026/02/13/408b818a21560979.mp4', 'video', 'doubao-video', '生成美女在厨房做饭的视频', '2026-02-13 18:13:55.029305');
INSERT INTO public.assets (id, user_id, title, image, type, model, prompt, created_at) VALUES (33, 4, '生成一段PPT展示动画', 'https://ai-design-vedio.oss-cn-beijing.aliyuncs.com/assets/videos/generated/2026/02/13/cc1507fbf8989fac.mp4', 'video', 'doubao-video', '生成一段PPT展示动画', '2026-02-13 21:30:27.24942');
INSERT INTO public.assets (id, user_id, title, image, type, model, prompt, created_at) VALUES (34, 4, '生成我的inspiredrop的mac应用宣传图', 'https://ai-design-vedio.oss-cn-beijing.aliyuncs.com/assets/images/generated/2026/02/14/23c4edc31760234d.png', 'image', 'banana-pro', '生成我的inspiredrop的mac应用宣传图', '2026-02-14 10:24:38.842175');
INSERT INTO public.assets (id, user_id, title, image, type, model, prompt, created_at) VALUES (35, 4, '生成类似卡片', 'https://ai-design-vedio.oss-cn-beijing.aliyuncs.com/assets/images/generated/2026/02/14/a323191318c87cdd.png', 'image', 'banana-pro', '生成类似卡片', '2026-02-14 10:33:35.533318');
INSERT INTO public.assets (id, user_id, title, image, type, model, prompt, created_at) VALUES (36, 4, '帮我P图，P好看点', 'https://ai-design-vedio.oss-cn-beijing.aliyuncs.com/assets/images/generated/2026/02/14/2b46921f929d64a5.png', 'image', 'banana-pro', '帮我P图，P好看点', '2026-02-14 10:36:03.140111');


--
-- Data for Name: users; Type: TABLE DATA; Schema: public; Owner: believer
--

INSERT INTO public.users (id, account, password_hash, nickname, created_at, phone, role, status) VALUES (1, 'demo_user', '$2y$12$Hej7MK/vU7UwqrCI81ZUrunxbGb6JQhIb3Q3RfXzxzvl/Em5EG6ke', '演示用户', '2026-02-10 22:40:44.088489', NULL, 'user', 'active');
INSERT INTO public.users (id, account, password_hash, nickname, created_at, phone, role, status) VALUES (3, 'u13800138001', '$2y$12$1.I452Uc4FeCx6pBrf4rr.oT28JwFIY1wZjxQ/X3o.KgFDO5BVKJW', '测试用户', '2026-02-11 10:12:25.389074', '13800138001', 'user', 'active');
INSERT INTO public.users (id, account, password_hash, nickname, created_at, phone, role, status) VALUES (4, 'u15829720207', '$2y$12$N8FWt0jfxZur5EytXt.vIOY194ObmbGC3q3xeNM4cUIjfYJ5S8zPC', 'believer', '2026-02-11 10:44:44.13023', '15829720207', 'admin', 'active');
INSERT INTO public.users (id, account, password_hash, nickname, created_at, phone, role, status) VALUES (2, 'archived_u2_20260212065730', '$2y$12$7zucMPoukSerhEyEEVWOcOJ84RM5Xkr.h0GAUm6k.D5dPN.czLhR.', 'believer', '2026-02-10 22:42:13.574901', NULL, 'user', 'disabled');
INSERT INTO public.users (id, account, password_hash, nickname, created_at, phone, role, status) VALUES (5, 'u13800000001', '$2y$12$Z4FDdQrRXaKoPG9b4LrehuER9X.Bn9kHiRObNY3chM7Wiwb31wFRe', '自动化测试', '2026-02-12 17:26:47.423', '13800000001', 'user', 'active');


--
-- Data for Name: payment_orders; Type: TABLE DATA; Schema: public; Owner: believer
--

INSERT INTO public.payment_orders (id, out_trade_no, user_id, order_type, biz_id, subject, amount, points_amount, membership_days, pay_param, pay_type, trade_no, status, callback_raw, paid_at, fulfilled_at, created_at, updated_at) VALUES (1, '20260212071618503336', 4, 'recharge', 'pkg_19_9', '积分充值-19.9元积分包', 19.90, 335, 0, '{"userId":4,"orderType":"recharge","bizId":"pkg_19_9"}', '', '', 'created', NULL, NULL, NULL, '2026-02-12 15:16:18.658714', '2026-02-12 15:16:18.658714');
INSERT INTO public.payment_orders (id, out_trade_no, user_id, order_type, biz_id, subject, amount, points_amount, membership_days, pay_param, pay_type, trade_no, status, callback_raw, paid_at, fulfilled_at, created_at, updated_at) VALUES (2, '20260212071622770612', 4, 'membership', 'member_first_month', '会员开通-首月会员', 29.90, 0, 30, '{"userId":4,"orderType":"membership","bizId":"member_first_month"}', '', '', 'created', NULL, NULL, NULL, '2026-02-12 15:16:22.721798', '2026-02-12 15:16:22.721798');
INSERT INTO public.payment_orders (id, out_trade_no, user_id, order_type, biz_id, subject, amount, points_amount, membership_days, pay_param, pay_type, trade_no, status, callback_raw, paid_at, fulfilled_at, created_at, updated_at) VALUES (3, '20260212072223224187', 4, 'recharge', 'pkg_9_9', '积分充值-9.9元积分包', 9.90, 165, 0, '{"userId":4,"orderType":"recharge","bizId":"pkg_9_9"}', '', '20260212072223224187', 'created', '{"img": "https://zpayz.cn/qrcode/aHR0cHM6Ly9xci5hbGlwYXkuY29tL2JheDA5MDM0ejhpc3l1dnVob3prNTVlNg%3D%3D.jpg", "msg": "success", "O_id": "8909102", "code": 1, "payurl": "https://qr.alipay.com/bax09034z8isyuvuhozk55e6", "qrcode": "https://qr.alipay.com/bax09034z8isyuvuhozk55e6", "payurl2": "https://qr.alipay.com/bax09034z8isyuvuhozk55e6", "trade_no": "20260212072223224187"}', NULL, NULL, '2026-02-12 15:22:23.91182', '2026-02-12 15:22:24.882323');
INSERT INTO public.payment_orders (id, out_trade_no, user_id, order_type, biz_id, subject, amount, points_amount, membership_days, pay_param, pay_type, trade_no, status, callback_raw, paid_at, fulfilled_at, created_at, updated_at) VALUES (4, '20260212072228805142', 4, 'membership', 'member_first_month', '会员开通-首月会员', 29.90, 0, 30, '{"userId":4,"orderType":"membership","bizId":"member_first_month"}', '', '20260212072228805142', 'created', '{"img": "https://zpayz.cn/qrcode/aHR0cHM6Ly9xci5hbGlwYXkuY29tL2JheDAwMTM5OTl5eWY3MWd2dnFmMDA4Yg%3D%3D.jpg", "msg": "success", "O_id": "8909104", "code": 1, "payurl": "https://qr.alipay.com/bax0013999yyf71gvvqf008b", "qrcode": "https://qr.alipay.com/bax0013999yyf71gvvqf008b", "payurl2": "https://qr.alipay.com/bax0013999yyf71gvvqf008b", "trade_no": "20260212072228805142"}', NULL, NULL, '2026-02-12 15:22:28.921187', '2026-02-12 15:22:29.646307');
INSERT INTO public.payment_orders (id, out_trade_no, user_id, order_type, biz_id, subject, amount, points_amount, membership_days, pay_param, pay_type, trade_no, status, callback_raw, paid_at, fulfilled_at, created_at, updated_at) VALUES (5, '20260212072351460204', 4, 'recharge', 'pkg_9_9', '积分充值-9.9元积分包', 9.90, 165, 0, '{"userId":4,"orderType":"recharge","bizId":"pkg_9_9"}', '', '20260212072351460204', 'created', '{"img": "https://zpayz.cn/qrcode/aHR0cHM6Ly9xci5hbGlwYXkuY29tL2JheDAzOTk3YWNya3p3YnNiZjdzMDA1Yg%3D%3D.jpg", "msg": "success", "O_id": "8909118", "code": 1, "payurl": "https://qr.alipay.com/bax03997acrkzwbsbf7s005b", "qrcode": "https://qr.alipay.com/bax03997acrkzwbsbf7s005b", "payurl2": "https://qr.alipay.com/bax03997acrkzwbsbf7s005b", "trade_no": "20260212072351460204"}', NULL, NULL, '2026-02-12 15:23:51.508341', '2026-02-12 15:23:52.144762');
INSERT INTO public.payment_orders (id, out_trade_no, user_id, order_type, biz_id, subject, amount, points_amount, membership_days, pay_param, pay_type, trade_no, status, callback_raw, paid_at, fulfilled_at, created_at, updated_at) VALUES (6, '20260212072601306793433', 4, 'membership', 'member_test_0_1', '会员开通-测试会员', 0.10, 0, 1, '{"userId":4,"orderType":"membership","bizId":"member_test_0_1"}', '', '20260212072601306793433', 'created', '{"img": "https://zpayz.cn/qrcode/aHR0cHM6Ly9xci5hbGlwYXkuY29tL2JheDAwMzgyaG14cGJjcnZ1NWR6MzBhZA%3D%3D.jpg", "msg": "success", "O_id": "8909138", "code": 1, "payurl": "https://qr.alipay.com/bax00382hmxpbcrvu5dz30ad", "qrcode": "https://qr.alipay.com/bax00382hmxpbcrvu5dz30ad", "payurl2": "https://qr.alipay.com/bax00382hmxpbcrvu5dz30ad", "trade_no": "20260212072601306793433"}', NULL, NULL, '2026-02-12 15:26:01.307096', '2026-02-12 15:26:02.088005');
INSERT INTO public.payment_orders (id, out_trade_no, user_id, order_type, biz_id, subject, amount, points_amount, membership_days, pay_param, pay_type, trade_no, status, callback_raw, paid_at, fulfilled_at, created_at, updated_at) VALUES (7, '20260212072610189628011', 4, 'membership', 'member_first_month', '会员开通-首月会员', 29.90, 0, 30, '{"userId":4,"orderType":"membership","bizId":"member_first_month"}', '', '20260212072610189628011', 'created', '{"img": "https://zpayz.cn/qrcode/aHR0cHM6Ly9xci5hbGlwYXkuY29tL2JheDA3MjYxb25iOWt2bmZheXltODUzOA%3D%3D.jpg", "msg": "success", "O_id": "8909141", "code": 1, "payurl": "https://qr.alipay.com/bax07261onb9kvnfayym8538", "qrcode": "https://qr.alipay.com/bax07261onb9kvnfayym8538", "payurl2": "https://qr.alipay.com/bax07261onb9kvnfayym8538", "trade_no": "20260212072610189628011"}', NULL, NULL, '2026-02-12 15:26:10.190003', '2026-02-12 15:26:10.84982');
INSERT INTO public.payment_orders (id, out_trade_no, user_id, order_type, biz_id, subject, amount, points_amount, membership_days, pay_param, pay_type, trade_no, status, callback_raw, paid_at, fulfilled_at, created_at, updated_at) VALUES (8, '20260212072820750153638', 4, 'membership', 'member_test_0_1', '会员开通-测试会员', 0.10, 0, 1, '{"userId":4,"orderType":"membership","bizId":"member_test_0_1"}', '', '20260212072820750153638', 'created', '{"img": "https://zpayz.cn/qrcode/aHR0cHM6Ly9xci5hbGlwYXkuY29tL2JheDAwMzU1Y3R2c2JscWhoaHpoMzBlOQ%3D%3D.jpg", "msg": "success", "O_id": "8909157", "code": 1, "payurl": "https://qr.alipay.com/bax00355ctvsblqhhhzh30e9", "qrcode": "https://qr.alipay.com/bax00355ctvsblqhhhzh30e9", "payurl2": "https://qr.alipay.com/bax00355ctvsblqhhhzh30e9", "trade_no": "20260212072820750153638"}', NULL, NULL, '2026-02-12 15:28:20.671925', '2026-02-12 15:28:21.300567');
INSERT INTO public.payment_orders (id, out_trade_no, user_id, order_type, biz_id, subject, amount, points_amount, membership_days, pay_param, pay_type, trade_no, status, callback_raw, paid_at, fulfilled_at, created_at, updated_at) VALUES (9, '20260212073038000995416', 4, 'membership', 'member_test_0_1', '会员开通-测试会员', 0.10, 0, 1, '{"userId":4,"orderType":"membership","bizId":"member_test_0_1"}', 'alipay', '2026021223001439771445121636', 'done', '{"msg": "查询订单号成功！", "pid": "2025032810432135", "code": "1", "name": "会员开通-测试会员", "type": "alipay", "buyer": "158****0207", "money": "0.10", "param": "member_test_0_1", "status": "1", "addtime": "2026-02-12 15:30:38", "endtime": "2026-02-12 15:30:38", "trade_no": "2026021223001439771445121636", "out_trade_no": "20260212073038000995416"}', '2026-02-12 15:30:48.174448', '2026-02-12 15:30:48.187947', '2026-02-12 15:30:38.161639', '2026-02-12 15:30:48.187947');
INSERT INTO public.payment_orders (id, out_trade_no, user_id, order_type, biz_id, subject, amount, points_amount, membership_days, pay_param, pay_type, trade_no, status, callback_raw, paid_at, fulfilled_at, created_at, updated_at) VALUES (10, '20260212073624666217645', 4, 'membership', 'member_test_0_1', '会员开通-测试会员', 0.10, 0, 1, '{"userId":4,"orderType":"membership","bizId":"member_test_0_1"}', '', '20260212073624666217645', 'created', '{"img": "https://zpayz.cn/qrcode/aHR0cHM6Ly9xci5hbGlwYXkuY29tL2JheDA0OTUzb2Jjd3Z4NnZ4NHgyMDA1YQ%3D%3D.jpg", "msg": "success", "O_id": "8909259", "code": 1, "payurl": "https://qr.alipay.com/bax04953obcwvx6vx4x2005a", "qrcode": "https://qr.alipay.com/bax04953obcwvx6vx4x2005a", "payurl2": "https://qr.alipay.com/bax04953obcwvx6vx4x2005a", "trade_no": "20260212073624666217645"}', NULL, NULL, '2026-02-12 15:36:24.881108', '2026-02-12 15:36:25.581035');
INSERT INTO public.payment_orders (id, out_trade_no, user_id, order_type, biz_id, subject, amount, points_amount, membership_days, pay_param, pay_type, trade_no, status, callback_raw, paid_at, fulfilled_at, created_at, updated_at) VALUES (11, '20260212073627208226464', 4, 'membership', 'member_first_month', '会员开通-首月会员', 29.90, 0, 30, '{"userId":4,"orderType":"membership","bizId":"member_first_month"}', '', '20260212073627208226464', 'created', '{"img": "https://zpayz.cn/qrcode/aHR0cHM6Ly9xci5hbGlwYXkuY29tL2JheDA0NDQyd21oeXBhd3B2eGNjMjU4OA%3D%3D.jpg", "msg": "success", "O_id": "8909260", "code": 1, "payurl": "https://qr.alipay.com/bax04442wmhypawpvxcc2588", "qrcode": "https://qr.alipay.com/bax04442wmhypawpvxcc2588", "payurl2": "https://qr.alipay.com/bax04442wmhypawpvxcc2588", "trade_no": "20260212073627208226464"}', NULL, NULL, '2026-02-12 15:36:27.806644', '2026-02-12 15:36:28.394826');
INSERT INTO public.payment_orders (id, out_trade_no, user_id, order_type, biz_id, subject, amount, points_amount, membership_days, pay_param, pay_type, trade_no, status, callback_raw, paid_at, fulfilled_at, created_at, updated_at) VALUES (12, '20260212073630541104530', 4, 'membership', 'member_renew_month', '会员开通-连续续费月会员', 39.90, 0, 30, '{"userId":4,"orderType":"membership","bizId":"member_renew_month"}', '', '20260212073630541104530', 'created', '{"img": "https://zpayz.cn/qrcode/aHR0cHM6Ly9xci5hbGlwYXkuY29tL2JheDA3MzExMmFwaHhnb3d3YXptMDA0OQ%3D%3D.jpg", "msg": "success", "O_id": "8909261", "code": 1, "payurl": "https://qr.alipay.com/bax073112aphxgowwazm0049", "qrcode": "https://qr.alipay.com/bax073112aphxgowwazm0049", "payurl2": "https://qr.alipay.com/bax073112aphxgowwazm0049", "trade_no": "20260212073630541104530"}', NULL, NULL, '2026-02-12 15:36:30.954234', '2026-02-12 15:36:31.496559');
INSERT INTO public.payment_orders (id, out_trade_no, user_id, order_type, biz_id, subject, amount, points_amount, membership_days, pay_param, pay_type, trade_no, status, callback_raw, paid_at, fulfilled_at, created_at, updated_at) VALUES (13, '20260212083828083282542', 4, 'membership', 'member_first_month', '会员开通-首月会员', 29.90, 0, 30, '{"userId":4,"orderType":"membership","bizId":"member_first_month"}', '', '20260212083828083282542', 'created', '{"img": "https://zpayz.cn/qrcode/aHR0cHM6Ly9xci5hbGlwYXkuY29tL2JheDAyMzU4a2c1Nmlodjd2dXdjMzAyMw%3D%3D.jpg", "msg": "success", "O_id": "8909744", "code": 1, "payurl": "https://qr.alipay.com/bax02358kg56ihv7vuwc3023", "qrcode": "https://qr.alipay.com/bax02358kg56ihv7vuwc3023", "payurl2": "https://qr.alipay.com/bax02358kg56ihv7vuwc3023", "trade_no": "20260212083828083282542"}', NULL, NULL, '2026-02-12 16:38:28.693279', '2026-02-12 16:38:29.426647');
INSERT INTO public.payment_orders (id, out_trade_no, user_id, order_type, biz_id, subject, amount, points_amount, membership_days, pay_param, pay_type, trade_no, status, callback_raw, paid_at, fulfilled_at, created_at, updated_at) VALUES (14, '20260212092731791879991', 5, 'membership', 'member_first_month', '会员开通-首月会员', 29.90, 0, 30, '{"userId":5,"orderType":"membership","bizId":"member_first_month"}', '', '', 'created', NULL, NULL, NULL, '2026-02-12 17:27:31.183612', '2026-02-12 17:27:31.183612');
INSERT INTO public.payment_orders (id, out_trade_no, user_id, order_type, biz_id, subject, amount, points_amount, membership_days, pay_param, pay_type, trade_no, status, callback_raw, paid_at, fulfilled_at, created_at, updated_at) VALUES (15, '20260212092811666410559', 5, 'membership', 'member_first_month', '会员开通-首月会员', 29.90, 0, 30, '{"userId":5,"orderType":"membership","bizId":"member_first_month"}', '', '', 'created', NULL, NULL, NULL, '2026-02-12 17:28:11.616479', '2026-02-12 17:28:11.616479');
INSERT INTO public.payment_orders (id, out_trade_no, user_id, order_type, biz_id, subject, amount, points_amount, membership_days, pay_param, pay_type, trade_no, status, callback_raw, paid_at, fulfilled_at, created_at, updated_at) VALUES (16, '20260212092840750601973', 5, 'recharge', 'pkg_9_9', '积分充值-9.9元积分包', 9.90, 165, 0, '{"userId":5,"orderType":"recharge","bizId":"pkg_9_9"}', '', '', 'created', NULL, NULL, NULL, '2026-02-12 17:28:40.333389', '2026-02-12 17:28:40.333389');
INSERT INTO public.payment_orders (id, out_trade_no, user_id, order_type, biz_id, subject, amount, points_amount, membership_days, pay_param, pay_type, trade_no, status, callback_raw, paid_at, fulfilled_at, created_at, updated_at) VALUES (17, '20260212093749291899788', 5, 'recharge', 'pkg_9_9', '积分充值-9.9元积分包', 9.90, 165, 0, '{"userId":5,"orderType":"recharge","bizId":"pkg_9_9"}', '', '20260212093749291899788', 'created', '{"img": "https://zpayz.cn/qrcode/aHR0cHM6Ly9xci5hbGlwYXkuY29tL2JheDAzOTU0bWZxcHl4cnZ2aWtoNTVlNQ%3D%3D.jpg", "msg": "success", "O_id": "8910145", "code": 1, "payurl": "https://qr.alipay.com/bax03954mfqpyxrvvikh55e5", "qrcode": "https://qr.alipay.com/bax03954mfqpyxrvvikh55e5", "payurl2": "https://qr.alipay.com/bax03954mfqpyxrvvikh55e5", "trade_no": "20260212093749291899788"}', NULL, NULL, '2026-02-12 17:37:49.11668', '2026-02-12 17:37:49.865579');
INSERT INTO public.payment_orders (id, out_trade_no, user_id, order_type, biz_id, subject, amount, points_amount, membership_days, pay_param, pay_type, trade_no, status, callback_raw, paid_at, fulfilled_at, created_at, updated_at) VALUES (18, '20260212093750958848202', 5, 'membership', 'member_first_month', '会员开通-首月会员', 29.90, 0, 30, '{"userId":5,"orderType":"membership","bizId":"member_first_month"}', '', '20260212093750958848202', 'created', '{"img": "https://zpayz.cn/qrcode/aHR0cHM6Ly9xci5hbGlwYXkuY29tL2JheDAyNzU0Yzh0cWlzNDFua2pnMzA2OQ%3D%3D.jpg", "msg": "success", "O_id": "8910146", "code": 1, "payurl": "https://qr.alipay.com/bax02754c8tqis41nkjg3069", "qrcode": "https://qr.alipay.com/bax02754c8tqis41nkjg3069", "payurl2": "https://qr.alipay.com/bax02754c8tqis41nkjg3069", "trade_no": "20260212093750958848202"}', NULL, NULL, '2026-02-12 17:37:50.087303', '2026-02-12 17:37:50.767855');
INSERT INTO public.payment_orders (id, out_trade_no, user_id, order_type, biz_id, subject, amount, points_amount, membership_days, pay_param, pay_type, trade_no, status, callback_raw, paid_at, fulfilled_at, created_at, updated_at) VALUES (19, '20260212101853500132705', 4, 'recharge', 'pkg_9_9', '积分充值-9.9元积分包', 9.90, 165, 0, '{"userId":4,"orderType":"recharge","bizId":"pkg_9_9"}', '', '20260212101853500132705', 'created', '{"img": "https://zpayz.cn/qrcode/aHR0cHM6Ly9xci5hbGlwYXkuY29tL2JheDAxMzI5eHliaHZqcGNudmV2MDA5Nw%3D%3D.jpg", "msg": "success", "O_id": "8910408", "code": 1, "payurl": "https://qr.alipay.com/bax01329xybhvjpcnvev0097", "qrcode": "https://qr.alipay.com/bax01329xybhvjpcnvev0097", "payurl2": "https://qr.alipay.com/bax01329xybhvjpcnvev0097", "trade_no": "20260212101853500132705"}', NULL, NULL, '2026-02-12 18:18:53.259042', '2026-02-12 18:18:54.737613');
INSERT INTO public.payment_orders (id, out_trade_no, user_id, order_type, biz_id, subject, amount, points_amount, membership_days, pay_param, pay_type, trade_no, status, callback_raw, paid_at, fulfilled_at, created_at, updated_at) VALUES (20, '20260212102105583231369', 5, 'recharge', 'pkg_test_0_1', '积分充值-测试积分包(0.1元)', 0.10, 3, 0, '{"userId":5,"orderType":"recharge","bizId":"pkg_test_0_1"}', '', '20260212102105583231369', 'created', '{"img": "https://zpayz.cn/qrcode/aHR0cHM6Ly9xci5hbGlwYXkuY29tL2JheDA1NTc4Y2RobTA5bzA4NDlxODUyYw%3D%3D.jpg", "msg": "success", "O_id": "8910426", "code": 1, "payurl": "https://qr.alipay.com/bax05578cdhm09o0849q852c", "qrcode": "https://qr.alipay.com/bax05578cdhm09o0849q852c", "payurl2": "https://qr.alipay.com/bax05578cdhm09o0849q852c", "trade_no": "20260212102105583231369"}', NULL, NULL, '2026-02-12 18:21:05.534323', '2026-02-12 18:21:06.454571');
INSERT INTO public.payment_orders (id, out_trade_no, user_id, order_type, biz_id, subject, amount, points_amount, membership_days, pay_param, pay_type, trade_no, status, callback_raw, paid_at, fulfilled_at, created_at, updated_at) VALUES (21, '20260212102206583407285', 4, 'recharge', 'pkg_test_0_1', '积分充值-测试积分包(0.1元)', 0.10, 3, 0, '{"userId":4,"orderType":"recharge","bizId":"pkg_test_0_1"}', 'alipay', '2026021222001439771442063318', 'done', '{"msg": "查询订单号成功！", "pid": "2025032810432135", "code": "1", "name": "积分充值-测试积分包(0.1元)", "type": "alipay", "buyer": "158****0207", "money": "0.10", "param": "pkg_test_0_1", "status": "1", "addtime": "2026-02-12 18:22:07", "endtime": "2026-02-12 18:22:07", "trade_no": "2026021222001439771442063318", "out_trade_no": "20260212102206583407285"}', '2026-02-12 18:22:31.615118', '2026-02-12 18:22:31.627958', '2026-02-12 18:22:06.716745', '2026-02-12 18:22:31.627958');
INSERT INTO public.payment_orders (id, out_trade_no, user_id, order_type, biz_id, subject, amount, points_amount, membership_days, pay_param, pay_type, trade_no, status, callback_raw, paid_at, fulfilled_at, created_at, updated_at) VALUES (22, '20260212103324916654849', 4, 'recharge', 'pkg_test_0_1', '积分充值-测试积分包(0.1元)', 0.10, 3, 0, '{"userId":4,"orderType":"recharge","bizId":"pkg_test_0_1"}', '', '20260212103324916654849', 'created', '{"img": "https://zpayz.cn/qrcode/aHR0cHM6Ly9xci5hbGlwYXkuY29tL2JheDA2NTM2MndnaGJtZmJldzV3ODU1NA%3D%3D.jpg", "msg": "success", "O_id": "8910514", "code": 1, "payurl": "https://qr.alipay.com/bax065362wghbmfbew5w8554", "qrcode": "https://qr.alipay.com/bax065362wghbmfbew5w8554", "payurl2": "https://qr.alipay.com/bax065362wghbmfbew5w8554", "trade_no": "20260212103324916654849"}', NULL, NULL, '2026-02-12 18:33:24.236206', '2026-02-12 18:33:24.867239');
INSERT INTO public.payment_orders (id, out_trade_no, user_id, order_type, biz_id, subject, amount, points_amount, membership_days, pay_param, pay_type, trade_no, status, callback_raw, paid_at, fulfilled_at, created_at, updated_at) VALUES (24, '20260214023943916974641', 4, 'recharge', 'pkg_test_0_1', '积分充值-测试积分包(0.1元)', 0.10, 3, 0, '{"userId":4,"orderType":"recharge","bizId":"pkg_test_0_1"}', 'alipay', '2026021423001439771445782545', 'done', '{"msg": "查询订单号成功！", "pid": "2025032810432135", "code": "1", "name": "积分充值-测试积分包(0.1元)", "type": "alipay", "buyer": "158****0207", "money": "0.10", "param": "pkg_test_0_1", "status": "1", "addtime": "2026-02-14 10:39:46", "endtime": "2026-02-14 10:39:46", "trade_no": "2026021423001439771445782545", "out_trade_no": "20260214023943916974641"}', '2026-02-14 10:40:14.146999', '2026-02-14 10:40:14.164744', '2026-02-14 10:39:43.21892', '2026-02-14 10:40:14.164744');
INSERT INTO public.payment_orders (id, out_trade_no, user_id, order_type, biz_id, subject, amount, points_amount, membership_days, pay_param, pay_type, trade_no, status, callback_raw, paid_at, fulfilled_at, created_at, updated_at) VALUES (23, '20260213133436291382152', 4, 'recharge', 'pkg_test_0_1', '积分充值-测试积分包(0.1元)', 0.10, 3, 0, '{"userId":4,"orderType":"recharge","bizId":"pkg_test_0_1"}', 'alipay', '2026021323001439771446722947', 'done', '{"msg": "查询订单号成功！", "pid": "2025032810432135", "code": "1", "name": "积分充值-测试积分包(0.1元)", "type": "alipay", "buyer": "158****0207", "money": "0.10", "param": "pkg_test_0_1", "status": "1", "addtime": "2026-02-13 21:34:40", "endtime": "2026-02-13 21:34:40", "trade_no": "2026021323001439771446722947", "out_trade_no": "20260213133436291382152"}', '2026-02-13 21:35:10.867728', '2026-02-13 21:35:10.885481', '2026-02-13 21:34:36.783223', '2026-02-13 21:35:10.885481');
INSERT INTO public.payment_orders (id, out_trade_no, user_id, order_type, biz_id, subject, amount, points_amount, membership_days, pay_param, pay_type, trade_no, status, callback_raw, paid_at, fulfilled_at, created_at, updated_at) VALUES (25, '20260214024023833753687', 4, 'recharge', 'pkg_test_0_1', '积分充值-测试积分包(0.1元)', 0.10, 3, 0, '{"userId":4,"orderType":"recharge","bizId":"pkg_test_0_1"}', 'alipay', '2026021422001439771446130089', 'done', '{"msg": "查询订单号成功！", "pid": "2025032810432135", "code": "1", "name": "积分充值-测试积分包(0.1元)", "type": "alipay", "buyer": "158****0207", "money": "0.10", "param": "pkg_test_0_1", "status": "1", "addtime": "2026-02-14 10:40:23", "endtime": "2026-02-14 10:40:23", "trade_no": "2026021422001439771446130089", "out_trade_no": "20260214024023833753687"}', '2026-02-14 10:40:33.313642', '2026-02-14 10:40:33.331043', '2026-02-14 10:40:23.433908', '2026-02-14 10:40:33.331043');


--
-- Data for Name: points_ledger; Type: TABLE DATA; Schema: public; Owner: believer
--

INSERT INTO public.points_ledger (id, user_id, change_amount, balance_after, source, description, meta_json, created_at) VALUES (1, 1, 120, 120, 'recharge', '购买积分包：9.9元积分包', '{"price": 9.9, "points": 120, "packageId": "pkg_9_9"}', '2026-02-10 23:14:55.979938');
INSERT INTO public.points_ledger (id, user_id, change_amount, balance_after, source, description, meta_json, created_at) VALUES (2, 1, 0, 0, 'membership_purchase', '购买会员：首月会员', '{"days": 30, "price": 29.9, "planId": "member_first_month"}', '2026-02-10 23:14:56.017673');
INSERT INTO public.points_ledger (id, user_id, change_amount, balance_after, source, description, meta_json, created_at) VALUES (3, 1, 260, 396, 'recharge', '购买积分包：19.9元积分包', '{"price": 19.9, "points": 260, "packageId": "pkg_19_9"}', '2026-02-11 09:31:03.021542');
INSERT INTO public.points_ledger (id, user_id, change_amount, balance_after, source, description, meta_json, created_at) VALUES (4, 2, 120, 120, 'recharge', '购买积分包：9.9元积分包', '{"price": 9.9, "points": 120, "packageId": "pkg_9_9"}', '2026-02-11 09:33:31.764785');
INSERT INTO public.points_ledger (id, user_id, change_amount, balance_after, source, description, meta_json, created_at) VALUES (5, 4, 165, 165, 'recharge', '购买积分包：9.9元积分包', '{"price": 9.9, "points": 165, "packageId": "pkg_9_9"}', '2026-02-11 10:45:11.020109');
INSERT INTO public.points_ledger (id, user_id, change_amount, balance_after, source, description, meta_json, created_at) VALUES (6, 4, -5, 160, 'generate_consume', '图片生成扣费', '{"index": 1, "model": "banana", "taskId": "task_698bed4246463_1770777922", "quality": "2k", "paidUsed": 5, "bonusUsed": 0, "requestedCount": 1}', '2026-02-11 10:45:22.316598');
INSERT INTO public.points_ledger (id, user_id, change_amount, balance_after, source, description, meta_json, created_at) VALUES (7, 4, -10, 150, 'generate_consume', '图片生成扣费', '{"index": 1, "model": "banana_pro", "taskId": "task_698bee1ebeb85_1770778142", "quality": "2k", "paidUsed": 10, "bonusUsed": 0, "requestedCount": 2}', '2026-02-11 10:49:02.793905');
INSERT INTO public.points_ledger (id, user_id, change_amount, balance_after, source, description, meta_json, created_at) VALUES (8, 4, -10, 140, 'generate_consume', '图片生成扣费', '{"index": 2, "model": "banana_pro", "taskId": "task_698bee1f9c083_1770778143_1", "quality": "2k", "paidUsed": 10, "bonusUsed": 0, "requestedCount": 2}', '2026-02-11 10:49:03.639326');
INSERT INTO public.points_ledger (id, user_id, change_amount, balance_after, source, description, meta_json, created_at) VALUES (9, 4, 10, 150, 'generate_refund_failed', '图片生成失败退回积分', '{"model": "banana-pro", "taskId": "task_698bee1ebeb85_1770778142", "quality": "2k"}', '2026-02-11 10:50:29.559536');
INSERT INTO public.points_ledger (id, user_id, change_amount, balance_after, source, description, meta_json, created_at) VALUES (10, 4, 10, 160, 'generate_refund_failed', '图片生成失败退回积分', '{"model": "banana-pro", "taskId": "task_698bee1f9c083_1770778143_1", "quality": "2k"}', '2026-02-11 10:50:55.583681');
INSERT INTO public.points_ledger (id, user_id, change_amount, balance_after, source, description, meta_json, created_at) VALUES (11, 4, -10, 150, 'generate_consume', '图片生成扣费', '{"index": 1, "model": "banana_pro", "taskId": "task_698bf07b1d7a3_1770778747", "quality": "2k", "paidUsed": 10, "bonusUsed": 0, "requestedCount": 1}', '2026-02-11 10:59:07.131654');
INSERT INTO public.points_ledger (id, user_id, change_amount, balance_after, source, description, meta_json, created_at) VALUES (12, 4, 10, 160, 'generate_refund_failed', '图片生成失败退回积分', '{"model": "banana-pro", "taskId": "task_698bf07b1d7a3_1770778747", "quality": "2k"}', '2026-02-11 11:00:35.889305');
INSERT INTO public.points_ledger (id, user_id, change_amount, balance_after, source, description, meta_json, created_at) VALUES (13, 4, -10, 150, 'generate_consume', '图片生成扣费', '{"index": 1, "model": "banana_pro", "taskId": "task_698c5ae092653_1770805984", "quality": "2k", "paidUsed": 10, "bonusUsed": 0, "requestedCount": 1}', '2026-02-11 18:33:04.721043');
INSERT INTO public.points_ledger (id, user_id, change_amount, balance_after, source, description, meta_json, created_at) VALUES (14, 4, -30, 120, 'generate_consume', '视频生成扣费', '{"model": "doubao_video", "taskId": "task_698c831d60f8a_1770816285", "duration": 5, "paidUsed": 30, "bonusUsed": 0, "withAudio": false}', '2026-02-11 21:24:45.446094');
INSERT INTO public.points_ledger (id, user_id, change_amount, balance_after, source, description, meta_json, created_at) VALUES (15, 4, -30, 90, 'generate_consume', '视频生成扣费', '{"model": "doubao_video", "taskId": "task_698c84bad10e9_1770816698", "duration": 5, "paidUsed": 30, "bonusUsed": 0, "withAudio": false}', '2026-02-11 21:31:38.868639');
INSERT INTO public.points_ledger (id, user_id, change_amount, balance_after, source, description, meta_json, created_at) VALUES (16, 4, -30, 60, 'generate_consume', '视频生成扣费', '{"model": "doubao_video", "taskId": "task_698c874546549_1770817349", "duration": 5, "paidUsed": 30, "bonusUsed": 0, "withAudio": false}', '2026-02-11 21:42:29.303868');
INSERT INTO public.points_ledger (id, user_id, change_amount, balance_after, source, description, meta_json, created_at) VALUES (17, 4, 30, 90, 'generate_refund_submit_fail', '视频任务提交失败退回积分', '{"model": "doubao_video", "taskId": "task_698c874546549_1770817349"}', '2026-02-11 21:42:29.504');
INSERT INTO public.points_ledger (id, user_id, change_amount, balance_after, source, description, meta_json, created_at) VALUES (18, 4, -30, 60, 'generate_consume', '视频生成扣费', '{"model": "doubao_video", "taskId": "task_698c882606dac_1770817574", "duration": 5, "paidUsed": 30, "bonusUsed": 0, "withAudio": false}', '2026-02-11 21:46:14.054959');
INSERT INTO public.points_ledger (id, user_id, change_amount, balance_after, source, description, meta_json, created_at) VALUES (19, 4, 30, 90, 'generate_refund_submit_fail', '视频任务提交失败退回积分', '{"model": "doubao_video", "taskId": "task_698c882606dac_1770817574"}', '2026-02-11 21:46:14.211051');
INSERT INTO public.points_ledger (id, user_id, change_amount, balance_after, source, description, meta_json, created_at) VALUES (20, 4, -30, 60, 'generate_consume', '视频生成扣费', '{"model": "doubao_video", "taskId": "task_698c88319d765_1770817585", "duration": 5, "paidUsed": 30, "bonusUsed": 0, "withAudio": false}', '2026-02-11 21:46:25.654972');
INSERT INTO public.points_ledger (id, user_id, change_amount, balance_after, source, description, meta_json, created_at) VALUES (21, 4, 30, 90, 'generate_refund_submit_fail', '视频任务提交失败退回积分', '{"model": "doubao_video", "taskId": "task_698c88319d765_1770817585"}', '2026-02-11 21:46:25.777643');
INSERT INTO public.points_ledger (id, user_id, change_amount, balance_after, source, description, meta_json, created_at) VALUES (22, 4, -30, 60, 'generate_consume', '视频生成扣费', '{"model": "doubao_video", "taskId": "task_698c88ffd814b_1770817791", "duration": 5, "paidUsed": 30, "bonusUsed": 0, "withAudio": false}', '2026-02-11 21:49:51.897517');
INSERT INTO public.points_ledger (id, user_id, change_amount, balance_after, source, description, meta_json, created_at) VALUES (23, 4, 30, 90, 'generate_refund_submit_fail', '视频任务提交失败退回积分', '{"model": "doubao_video", "taskId": "task_698c88ffd814b_1770817791"}', '2026-02-11 21:49:52.235034');
INSERT INTO public.points_ledger (id, user_id, change_amount, balance_after, source, description, meta_json, created_at) VALUES (24, 4, -30, 60, 'generate_consume', '视频生成扣费', '{"model": "doubao_video", "taskId": "task_698c896d4282f_1770817901", "duration": 5, "paidUsed": 30, "bonusUsed": 0, "withAudio": false}', '2026-02-11 21:51:41.310628');
INSERT INTO public.points_ledger (id, user_id, change_amount, balance_after, source, description, meta_json, created_at) VALUES (25, 4, 30, 90, 'generate_refund_submit_fail', '视频任务提交失败退回积分', '{"model": "doubao_video", "taskId": "task_698c896d4282f_1770817901"}', '2026-02-11 21:51:41.450446');
INSERT INTO public.points_ledger (id, user_id, change_amount, balance_after, source, description, meta_json, created_at) VALUES (26, 4, -30, 60, 'generate_consume', '视频生成扣费', '{"model": "doubao_video", "taskId": "task_698c8a2451349_1770818084", "duration": 5, "paidUsed": 30, "bonusUsed": 0, "withAudio": false}', '2026-02-11 21:54:44.340112');
INSERT INTO public.points_ledger (id, user_id, change_amount, balance_after, source, description, meta_json, created_at) VALUES (27, 4, 30, 90, 'generate_refund_submit_fail', '视频任务提交失败退回积分', '{"model": "doubao_video", "taskId": "task_698c8a2451349_1770818084"}', '2026-02-11 21:54:44.532604');
INSERT INTO public.points_ledger (id, user_id, change_amount, balance_after, source, description, meta_json, created_at) VALUES (28, 4, -30, 60, 'generate_consume', '视频生成扣费', '{"model": "doubao_video", "taskId": "task_698c8b265ad4d_1770818342", "duration": 5, "paidUsed": 30, "bonusUsed": 0, "withAudio": false}', '2026-02-11 21:59:02.379249');
INSERT INTO public.points_ledger (id, user_id, change_amount, balance_after, source, description, meta_json, created_at) VALUES (29, 4, -55, 5, 'generate_consume', '视频生成扣费', '{"model": "doubao_video", "taskId": "task_698c8ed7a8e0a_1770819287", "duration": 5, "paidUsed": 55, "bonusUsed": 0}', '2026-02-11 22:14:47.754429');
INSERT INTO public.points_ledger (id, user_id, change_amount, balance_after, source, description, meta_json, created_at) VALUES (30, 4, -5, 0, 'admin_adjust', '管理员调整积分：1', '{"delta": -5, "reason": "1", "adminUserId": 4}', '2026-02-12 11:50:16.391421');
INSERT INTO public.points_ledger (id, user_id, change_amount, balance_after, source, description, meta_json, created_at) VALUES (31, 4, 100, 100, 'admin_adjust', '管理员调整积分：2', '{"delta": 100, "reason": "2", "adminUserId": 4}', '2026-02-12 11:50:46.282954');
INSERT INTO public.points_ledger (id, user_id, change_amount, balance_after, source, description, meta_json, created_at) VALUES (32, 2, -120, 0, 'admin_adjust', '账号合并转出到用户#4', '{"merge_to": 4}', '2026-02-12 14:57:30.970569');
INSERT INTO public.points_ledger (id, user_id, change_amount, balance_after, source, description, meta_json, created_at) VALUES (33, 4, 120, 220, 'admin_adjust', '账号合并自用户#2转入', '{"merge_from": 2}', '2026-02-12 14:57:30.98326');
INSERT INTO public.points_ledger (id, user_id, change_amount, balance_after, source, description, meta_json, created_at) VALUES (34, 4, 0, 236, 'membership_purchase', '购买会员：测试会员', '{"days": 1, "price": 0.1, "planId": "member_test_0_1"}', '2026-02-12 15:30:48.176868');
INSERT INTO public.points_ledger (id, user_id, change_amount, balance_after, source, description, meta_json, created_at) VALUES (35, 4, -10, 226, 'generate_consume', '图片生成扣费', '{"index": 1, "model": "banana_pro", "taskId": "task_698d84656240c_1770882149", "quality": "2k", "paidUsed": 0, "bonusUsed": 10, "requestedCount": 1}', '2026-02-12 15:42:29.453295');
INSERT INTO public.points_ledger (id, user_id, change_amount, balance_after, source, description, meta_json, created_at) VALUES (36, 5, 200, 200, 'admin_adjust', '测试补积分', '{"by": "automation"}', '2026-02-12 17:41:20.17153');
INSERT INTO public.points_ledger (id, user_id, change_amount, balance_after, source, description, meta_json, created_at) VALUES (37, 5, -5, 195, 'generate_consume', '图片生成扣费', '{"index": 1, "model": "banana", "taskId": "task_698da09339db5_1770889363", "quality": "2k", "paidUsed": 5, "bonusUsed": 0, "requestedCount": 1}', '2026-02-12 17:42:43.250807');
INSERT INTO public.points_ledger (id, user_id, change_amount, balance_after, source, description, meta_json, created_at) VALUES (38, 4, 3, 229, 'epay', '支付充值积分', '{"bizId": "pkg_test_0_1", "payType": "alipay", "tradeNo": "2026021222001439771442063318", "outTradeNo": "20260212102206583407285"}', '2026-02-12 18:22:31.61728');
INSERT INTO public.points_ledger (id, user_id, change_amount, balance_after, source, description, meta_json, created_at) VALUES (39, 4, 16, 239, 'daily_checkin', '每日签到奖励', '{"reward": 16, "cycleKey": "2026-02-12"}', '2026-02-12 18:45:45.170657');
INSERT INTO public.points_ledger (id, user_id, change_amount, balance_after, source, description, meta_json, created_at) VALUES (40, 4, -10, 213, 'generate_consume', '图片生成扣费', '{"index": 1, "model": "banana_pro", "taskId": "task_698ef5d51ac81_1770976725", "quality": "2k", "paidUsed": 10, "bonusUsed": 0, "requestedCount": 1}', '2026-02-13 17:58:45.149652');
INSERT INTO public.points_ledger (id, user_id, change_amount, balance_after, source, description, meta_json, created_at) VALUES (41, 4, -55, 158, 'generate_consume', '视频生成扣费', '{"model": "doubao_video", "taskId": "task_698ef931e5a86_1770977585", "duration": 5, "paidUsed": 55, "bonusUsed": 0}', '2026-02-13 18:13:05.994352');
INSERT INTO public.points_ledger (id, user_id, change_amount, balance_after, source, description, meta_json, created_at) VALUES (42, 4, -55, 103, 'generate_consume', '视频生成扣费', '{"model": "doubao_video", "taskId": "task_698f2436c5c9a_1770988598", "duration": 5, "paidUsed": 55, "bonusUsed": 0}', '2026-02-13 21:16:38.850136');
INSERT INTO public.points_ledger (id, user_id, change_amount, balance_after, source, description, meta_json, created_at) VALUES (43, 4, -55, 48, 'generate_consume', '视频生成扣费', '{"model": "doubao_video", "taskId": "task_698f27271fe11_1770989351", "duration": 5, "paidUsed": 55, "bonusUsed": 0}', '2026-02-13 21:29:11.179011');
INSERT INTO public.points_ledger (id, user_id, change_amount, balance_after, source, description, meta_json, created_at) VALUES (44, 4, 16, 64, 'daily_checkin', '每日签到奖励', '{"reward": 16, "cycleKey": "2026-02-13"}', '2026-02-13 21:34:23.657918');
INSERT INTO public.points_ledger (id, user_id, change_amount, balance_after, source, description, meta_json, created_at) VALUES (45, 4, 3, 67, 'epay', '支付充值积分', '{"bizId": "pkg_test_0_1", "payType": "alipay", "tradeNo": "2026021323001439771446722947", "outTradeNo": "20260213133436291382152"}', '2026-02-13 21:35:10.874646');
INSERT INTO public.points_ledger (id, user_id, change_amount, balance_after, source, description, meta_json, created_at) VALUES (46, 4, -10, 57, 'generate_consume', '图片生成扣费', '{"index": 1, "model": "banana_pro", "taskId": "task_698fdc90e2d97_1771035792", "quality": "2k", "paidUsed": 0, "bonusUsed": 10, "requestedCount": 1}', '2026-02-14 10:23:12.990108');
INSERT INTO public.points_ledger (id, user_id, change_amount, balance_after, source, description, meta_json, created_at) VALUES (47, 4, -10, 47, 'generate_consume', '图片生成扣费', '{"index": 1, "model": "banana_pro", "taskId": "task_698fdec3af480_1771036355", "quality": "2k", "paidUsed": 4, "bonusUsed": 6, "requestedCount": 1}', '2026-02-14 10:32:35.778428');
INSERT INTO public.points_ledger (id, user_id, change_amount, balance_after, source, description, meta_json, created_at) VALUES (48, 4, -10, 37, 'generate_consume', '图片生成扣费', '{"index": 1, "model": "banana_pro", "taskId": "task_698fdf4e95455_1771036494", "quality": "2k", "paidUsed": 10, "bonusUsed": 0, "requestedCount": 1}', '2026-02-14 10:34:54.855282');
INSERT INTO public.points_ledger (id, user_id, change_amount, balance_after, source, description, meta_json, created_at) VALUES (49, 4, 3, 40, 'epay', '支付充值积分', '{"bizId": "pkg_test_0_1", "payType": "alipay", "tradeNo": "2026021423001439771445782545", "outTradeNo": "20260214023943916974641"}', '2026-02-14 10:40:14.151729');
INSERT INTO public.points_ledger (id, user_id, change_amount, balance_after, source, description, meta_json, created_at) VALUES (50, 4, 3, 43, 'epay', '支付充值积分', '{"bizId": "pkg_test_0_1", "payType": "alipay", "tradeNo": "2026021422001439771446130089", "outTradeNo": "20260214024023833753687"}', '2026-02-14 10:40:33.316823');


--
-- Data for Name: sms_verification_codes; Type: TABLE DATA; Schema: public; Owner: believer
--

INSERT INTO public.sms_verification_codes (id, phone, purpose, code, status, ip, expires_at, used_at, created_at, fail_count) VALUES (3, '15829720207', 'login', '068495', 'expired', '::1', '2026-02-14 02:12:07', NULL, '2026-02-14 10:07:07.497592', 0);
INSERT INTO public.sms_verification_codes (id, phone, purpose, code, status, ip, expires_at, used_at, created_at, fail_count) VALUES (4, '15829720207', 'login', '574323', 'used', '::1', '2026-02-14 02:17:07', '2026-02-14 10:12:26.205312', '2026-02-14 10:12:07.879954', 0);


--
-- Data for Name: tasks; Type: TABLE DATA; Schema: public; Owner: believer
--

INSERT INTO public.tasks (id, user_id, type, status, params_json, result_url, error_message, created_at, updated_at) VALUES ('task_698af0dc99b70_1770713308', 0, 'image', 'pending', '{"mode": "single", "model": "banana pro", "prompt": "测试生成", "quality": "2k", "duration": 5, "aspectRatio": "3:4"}', NULL, NULL, '2026-02-10 16:48:28.651044', '2026-02-10 16:48:28.651044');
INSERT INTO public.tasks (id, user_id, type, status, params_json, result_url, error_message, created_at, updated_at) VALUES ('task_698af59cbdd75_1770714524', 0, 'image', 'pending', '{"mode": "single", "model": "banana pro", "prompt": "测试生成任务", "quality": "2k", "duration": 5, "aspectRatio": "3:4"}', NULL, NULL, '2026-02-10 17:08:44.787814', '2026-02-10 17:08:44.787814');
INSERT INTO public.tasks (id, user_id, type, status, params_json, result_url, error_message, created_at, updated_at) VALUES ('task_698b03e2c8e55_1770718178', 0, 'image', 'pending', '{"mode": "single", "model": "banana pro", "prompt": "111", "quality": "2k", "duration": 5, "aspectRatio": "3:4", "referenceImageUrls": ["https://ai-design-vedio.oss-cn-beijing.aliyuncs.com/assets/images/references/2026/02/10/317bd8ca81f0e270.png"]}', NULL, NULL, '2026-02-10 18:09:38.840327', '2026-02-10 18:09:38.840327');
INSERT INTO public.tasks (id, user_id, type, status, params_json, result_url, error_message, created_at, updated_at) VALUES ('task_698b04e15ad7d_1770718433', 0, 'image', 'pending', '{"mode": "single", "model": "banana pro", "prompt": "111", "quality": "2k", "duration": 5, "aspectRatio": "3:4", "referenceImageUrls": ["https://ai-design-vedio.oss-cn-beijing.aliyuncs.com/assets/images/references/2026/02/10/07af7f50a4206072.png", "https://ai-design-vedio.oss-cn-beijing.aliyuncs.com/assets/images/references/2026/02/10/5a052c13d02b214f.png"]}', NULL, NULL, '2026-02-10 18:13:53.385309', '2026-02-10 18:13:53.385309');
INSERT INTO public.tasks (id, user_id, type, status, params_json, result_url, error_message, created_at, updated_at) VALUES ('task_698b0a7ff1756_1770719871', 0, 'image', 'processing', '{"mode": "single", "model": "banana", "prompt": "test", "quality": "2k", "duration": 5, "aspectRatio": "3:4", "external_task_id": "image_f8537bae-a56d-48e8-b11b-e4c40865a827"}', NULL, NULL, '2026-02-10 18:37:52.704572', '2026-02-10 18:37:52.704572');
INSERT INTO public.tasks (id, user_id, type, status, params_json, result_url, error_message, created_at, updated_at) VALUES ('task_698b0aa9cb581_1770719913', 0, 'image', 'processing', '{"mode": "single", "model": "banana", "prompt": "test", "quality": "2k", "duration": 5, "aspectRatio": "3:4", "external_task_id": "image_bb4fd823-79f2-4511-bab6-1dacecada797"}', NULL, NULL, '2026-02-10 18:38:34.501991', '2026-02-10 18:38:34.501991');
INSERT INTO public.tasks (id, user_id, type, status, params_json, result_url, error_message, created_at, updated_at) VALUES ('task_698b0b79bd377_1770720121', 0, 'image', 'processing', '{"mode": "single", "model": "banana", "prompt": "生成面霜在卧室桌子上", "quality": "2k", "duration": 5, "aspectRatio": "3:4", "external_task_id": "image_291161eb-0b71-4db6-93e1-37ff78c6341d"}', NULL, NULL, '2026-02-10 18:42:02.518859', '2026-02-10 18:42:02.518859');
INSERT INTO public.tasks (id, user_id, type, status, params_json, result_url, error_message, created_at, updated_at) VALUES ('task_698b0bc374a57_1770720195', 0, 'image', 'processing', '{"mode": "single", "model": "banana", "prompt": "生成面霜在卧室桌子上", "quality": "2k", "duration": 5, "aspectRatio": "3:4", "external_task_id": "image_3c94ccdf-b026-45f3-8fc1-aaa4d284179f", "referenceImageUrls": ["https://example.com/test.jpg"]}', NULL, NULL, '2026-02-10 18:43:16.130807', '2026-02-10 18:43:16.130807');
INSERT INTO public.tasks (id, user_id, type, status, params_json, result_url, error_message, created_at, updated_at) VALUES ('task_698b0bf3f261e_1770720243', 0, 'image', 'processing', '{"mode": "single", "model": "banana", "prompt": "生成面霜产品图", "quality": "2k", "duration": 5, "aspectRatio": "3:4", "external_task_id": "image_500c2788-7948-4a6f-a7fa-84159e605313", "referenceImageUrls": ["https://ai-design-vedio.oss-cn-beijing.aliyuncs.com/assets/images/references/2026/02/10/58dad6ae835da7c0.png"]}', NULL, NULL, '2026-02-10 18:44:04.899571', '2026-02-10 18:44:04.899571');
INSERT INTO public.tasks (id, user_id, type, status, params_json, result_url, error_message, created_at, updated_at) VALUES ('task_698b0c04e6008_1770720260', 0, 'image', 'processing', '{"mode": "single", "model": "banana", "prompt": "生成面霜产品图", "quality": "2k", "duration": 5, "aspectRatio": "3:4", "external_task_id": "image_b8ca2d3c-f861-46ae-82fc-823bc542cf2c", "referenceImageUrls": ["https://ai-design-vedio.oss-cn-beijing.aliyuncs.com/assets/images/references/2026/02/10/58dad6ae835da7c0.png"]}', NULL, NULL, '2026-02-10 18:44:21.647956', '2026-02-10 18:44:21.647956');
INSERT INTO public.tasks (id, user_id, type, status, params_json, result_url, error_message, created_at, updated_at) VALUES ('task_698b0cdcd3930_1770720476', 0, 'image', 'processing', '{"mode": "single", "model": "banana", "prompt": "test", "quality": "2k", "duration": 5, "aspectRatio": "3:4", "external_task_id": "image_8afbd5ea-e24b-42d4-b64a-c545e0643c7f"}', NULL, NULL, '2026-02-10 18:47:57.631352', '2026-02-10 18:47:57.631352');
INSERT INTO public.tasks (id, user_id, type, status, params_json, result_url, error_message, created_at, updated_at) VALUES ('task_698b1857861b9_1770723415', 0, 'image', 'failed', '{"mode": "single", "model": "banana", "prompt": "生成面霜的电商图", "quality": "2k", "duration": 5, "aspectRatio": "3:4", "external_task_id": "image_d82f33f7-9231-4f87-9878-5514bbd1a0d4", "referenceImageUrls": ["https://ai-design-vedio.oss-cn-beijing.aliyuncs.com/assets/images/references/2026/02/10/383b47840ab6f245.png"]}', NULL, '此内容可能违反了我们的内容政策 请更换提示词或图片内容后重试', '2026-02-10 19:36:56.389922', '2026-02-10 19:37:39.01154');
INSERT INTO public.tasks (id, user_id, type, status, params_json, result_url, error_message, created_at, updated_at) VALUES ('task_698b0cfab6e8c_1770720506', 0, 'image', 'completed', '{"mode": "single", "model": "banana", "prompt": "生成面霜在卧室的照片", "quality": "2k", "duration": 5, "aspectRatio": "3:4", "external_task_id": "image_4c79d822-ac2e-4e71-af89-f087f7bb8f13", "referenceImageUrls": ["https://ai-design-vedio.oss-cn-beijing.aliyuncs.com/assets/images/references/2026/02/10/7035dfd5d2d56d5a.png"]}', 'https://openpt.wuyinkeji.com/e312699070f5428ca92e084c98a9ffba.png', NULL, '2026-02-10 18:48:27.404663', '2026-02-10 18:49:23.464423');
INSERT INTO public.tasks (id, user_id, type, status, params_json, result_url, error_message, created_at, updated_at) VALUES ('task_698b1673366eb_1770722931', 0, 'image', 'completed', '{"mode": "single", "model": "banana", "prompt": "生成面霜在卧室的照片", "quality": "2k", "duration": 5, "aspectRatio": "3:4", "external_task_id": "image_5907e884-1806-48d0-8370-f25257fafe64", "referenceImageUrls": ["https://ai-design-vedio.oss-cn-beijing.aliyuncs.com/assets/images/references/2026/02/10/058c4769411ce73f.png"]}', 'https://openpt.wuyinkeji.com/8665f40516754770a413111ab6bbbf3c.png', NULL, '2026-02-10 19:28:51.931875', '2026-02-10 19:29:53.965202');
INSERT INTO public.tasks (id, user_id, type, status, params_json, result_url, error_message, created_at, updated_at) VALUES ('task_698b1c7f7efb0_1770724479', 0, 'image', 'completed', '{"mode": "single", "model": "banana", "prompt": "生成面霜的电商图", "quality": "2k", "duration": 5, "aspectRatio": "3:4", "external_task_id": "image_677dd47f-e86c-4f24-8e61-303257d349e3", "referenceImageUrls": ["https://ai-design-vedio.oss-cn-beijing.aliyuncs.com/assets/images/references/2026/02/10/6055039cadec3c70.png"]}', 'https://openpt.wuyinkeji.com/ef765320d2654d84bc0b53bbd20ce829.png', NULL, '2026-02-10 19:54:40.248812', '2026-02-10 19:55:49.862192');
INSERT INTO public.tasks (id, user_id, type, status, params_json, result_url, error_message, created_at, updated_at) VALUES ('task_698b1fe54cc2b_1770725349', 0, 'image', 'completed', '{"mode": "single", "model": "banana", "prompt": "生成面霜的电商图", "quality": "2k", "duration": 5, "aspectRatio": "3:4", "external_task_id": "image_74755ede-a859-41c9-9fd0-9eccbb7da82b", "referenceImageUrls": ["https://ai-design-vedio.oss-cn-beijing.aliyuncs.com/assets/images/references/2026/02/10/5679258cd75710b3.png"]}', 'https://openpt.wuyinkeji.com/da3ddb4ce9d44c659d41bea29f9e688e.png', NULL, '2026-02-10 20:09:10.322118', '2026-02-10 20:09:46.425211');
INSERT INTO public.tasks (id, user_id, type, status, params_json, result_url, error_message, created_at, updated_at) VALUES ('task_698b216fc5c43_1770725743', 0, 'image', 'completed', '{"mode": "single", "model": "banana", "prompt": "生成面霜的电商图", "quality": "2k", "duration": 5, "aspectRatio": "3:4", "external_task_id": "image_8b900c97-5bef-4281-8662-8c59ab94837c", "referenceImageUrls": ["https://ai-design-vedio.oss-cn-beijing.aliyuncs.com/assets/images/references/2026/02/10/bf176854e34b776b.png"]}', 'https://openpt.wuyinkeji.com/e69eb22b14ae4dcabc57b332a73ed561.png', NULL, '2026-02-10 20:15:44.518481', '2026-02-10 20:16:39.041221');
INSERT INTO public.tasks (id, user_id, type, status, params_json, result_url, error_message, created_at, updated_at) VALUES ('task_698b334d49000_1770730317', 0, 'image', 'processing', '{"mode": "single", "count": 3, "model": "banana-pro", "prompt": "面霜产品图", "quality": "2k", "duration": 5, "aspectRatio": "3:4", "count_index": 1, "count_requested": 3, "external_task_id": 4176183, "count_total_submitted": 3}', NULL, NULL, '2026-02-10 21:31:58.222722', '2026-02-10 21:31:58.222722');
INSERT INTO public.tasks (id, user_id, type, status, params_json, result_url, error_message, created_at, updated_at) VALUES ('task_698b334e3745f_1770730318_1', 0, 'image', 'processing', '{"mode": "single", "count": 3, "model": "banana-pro", "prompt": "面霜产品图", "quality": "2k", "duration": 5, "aspectRatio": "3:4", "count_index": 2, "count_requested": 3, "external_task_id": 4176184, "count_total_submitted": 3}', NULL, NULL, '2026-02-10 21:31:59.057274', '2026-02-10 21:31:59.057274');
INSERT INTO public.tasks (id, user_id, type, status, params_json, result_url, error_message, created_at, updated_at) VALUES ('task_698b251d02443_1770726685', 0, 'image', 'failed', '{"mode": "single", "model": "banana", "prompt": "生成面霜产品图", "quality": "2k", "duration": 5, "aspectRatio": "3:4", "external_task_id": "image_52ab6591-1885-4cac-9cca-db30774fd611", "referenceImageUrls": ["https://ai-design-vedio.oss-cn-beijing.aliyuncs.com/assets/images/references/2026/02/10/f7d5701b2181a43c.png"]}', NULL, '此内容可能违反了我们的内容政策 请更换提示词或图片内容后重试', '2026-02-10 20:31:25.762439', '2026-02-10 20:32:18.308721');
INSERT INTO public.tasks (id, user_id, type, status, params_json, result_url, error_message, created_at, updated_at) VALUES ('task_698b2622a25b1_1770726946', 0, 'image', 'processing', '{"mode": "single", "model": "banana", "prompt": "一只白色马克杯产品图，极简背景", "quality": "2k", "duration": 5, "aspectRatio": "16:9", "external_task_id": 4174492}', NULL, NULL, '2026-02-10 20:35:47.332706', '2026-02-10 20:35:47.332706');
INSERT INTO public.tasks (id, user_id, type, status, params_json, result_url, error_message, created_at, updated_at) VALUES ('task_698b2653a01a5_1770726995', 0, 'image', 'completed', '{"mode": "single", "model": "banana", "prompt": "生成面霜产品图", "quality": "2k", "duration": 5, "aspectRatio": "3:4", "external_task_id": 4174536, "referenceImageUrls": ["https://ai-design-vedio.oss-cn-beijing.aliyuncs.com/assets/images/references/2026/02/10/c30d5f0f2d7fdb16.png"]}', 'https://openpt.wuyinkeji.com/9518a4fc3b264bb2a70a55a8abf3da90.png', NULL, '2026-02-10 20:36:36.551367', '2026-02-10 20:37:23.807718');
INSERT INTO public.tasks (id, user_id, type, status, params_json, result_url, error_message, created_at, updated_at) VALUES ('task_698b273d68c72_1770727229', 0, 'image', 'processing', '{"mode": "single", "model": "banana", "prompt": "面霜产品图，纯白背景，电商主图", "quality": "2k", "duration": 5, "aspectRatio": "16:9", "external_task_id": 4174680}', NULL, NULL, '2026-02-10 20:40:30.197043', '2026-02-10 20:40:30.197043');
INSERT INTO public.tasks (id, user_id, type, status, params_json, result_url, error_message, created_at, updated_at) VALUES ('task_698b276d66784_1770727277', 0, 'image', 'completed', '{"mode": "single", "model": "banana", "prompt": "生成一张手持面霜图", "quality": "2k", "duration": 5, "aspectRatio": "3:4", "external_task_id": 4174697, "referenceImageUrls": ["https://ai-design-vedio.oss-cn-beijing.aliyuncs.com/assets/images/references/2026/02/10/7e932ac1e56e4614.png"]}', 'https://openpt.wuyinkeji.com/efd2599b3ccf4871b4b44f2636dd489e.png', NULL, '2026-02-10 20:41:18.065228', '2026-02-10 20:42:32.830914');
INSERT INTO public.tasks (id, user_id, type, status, params_json, result_url, error_message, created_at, updated_at) VALUES ('task_698b27ccf0f44_1770727372', 0, 'image', 'completed', '{"mode": "single", "model": "banana", "prompt": "生成一张手持面霜图", "quality": "2k", "duration": 5, "aspectRatio": "3:4", "external_task_id": 4174763, "referenceImageUrls": ["https://ai-design-vedio.oss-cn-beijing.aliyuncs.com/assets/images/references/2026/02/10/7e932ac1e56e4614.png"]}', 'https://openpt.wuyinkeji.com/d85dd4dc64ef428f86d5d76faabf8630.png', NULL, '2026-02-10 20:42:53.63906', '2026-02-10 20:44:29.637108');
INSERT INTO public.tasks (id, user_id, type, status, params_json, result_url, error_message, created_at, updated_at) VALUES ('task_698b29f25b3fb_1770727922', 0, 'image', 'completed', '{"mode": "single", "model": "banana", "prompt": "生成一张美女手持面霜的电商图", "quality": "2k", "duration": 5, "aspectRatio": "3:4", "external_task_id": 4175093, "referenceImageUrls": ["https://ai-design-vedio.oss-cn-beijing.aliyuncs.com/assets/images/references/2026/02/10/7e932ac1e56e4614.png"]}', 'https://openpt.wuyinkeji.com/61d442b8e2254473905fce9b0aeebde6.png', NULL, '2026-02-10 20:52:03.304782', '2026-02-10 20:53:38.474908');
INSERT INTO public.tasks (id, user_id, type, status, params_json, result_url, error_message, created_at, updated_at) VALUES ('task_698b2af330ebd_1770728179', 0, 'image', 'failed', '{"mode": "single", "model": "banana-pro", "prompt": "参考这个信息图，生成AI+电商的PPT页面", "quality": "2k", "duration": 5, "aspectRatio": "3:4", "external_task_id": 4175235, "referenceImageUrls": ["https://ai-design-vedio.oss-cn-beijing.aliyuncs.com/assets/images/references/2026/02/10/f6ec2d7c888ac685.png"]}', NULL, 'google gemini timeout...', '2026-02-10 20:56:20.143533', '2026-02-10 20:58:09.984139');
INSERT INTO public.tasks (id, user_id, type, status, params_json, result_url, error_message, created_at, updated_at) VALUES ('task_698b2d71a6972_1770728817', 0, 'image', 'processing', '{"mode": "single", "model": "banana-pro", "prompt": "生成面霜产品图", "quality": "2k", "duration": 5, "aspectRatio": "3:4", "external_task_id": 4175682, "referenceImageUrls": ["https://ai-design-vedio.oss-cn-beijing.aliyuncs.com/assets/images/references/2026/02/10/7e3a3de3ca456929.png"]}', NULL, NULL, '2026-02-10 21:06:58.42681', '2026-02-10 21:06:58.42681');
INSERT INTO public.tasks (id, user_id, type, status, params_json, result_url, error_message, created_at, updated_at) VALUES ('task_698b2f40ccbd3_1770729280', 0, 'image', 'completed', '{"mode": "single", "model": "banana-pro", "prompt": "参考图片样式，生成我的PPT页面，是AI+电商的主题的", "quality": "2k", "duration": 5, "aspectRatio": "16:9", "external_task_id": 4175894, "referenceImageUrls": ["https://ai-design-vedio.oss-cn-beijing.aliyuncs.com/assets/images/references/2026/02/10/a9ac29496135b8b9.png"]}', 'https://openpt.wuyinkeji.com/94f39154cb044c0e9c80d4e12a89f93d.png', NULL, '2026-02-10 21:14:41.533494', '2026-02-10 21:15:41.491789');
INSERT INTO public.tasks (id, user_id, type, status, params_json, result_url, error_message, created_at, updated_at) VALUES ('task_698b2f970bfc7_1770729367', 0, 'image', 'completed', '{"mode": "single", "model": "banana-pro", "prompt": "参考图片样式，生成我的PPT页面，是AI+电商的主题的", "quality": "2k", "duration": 5, "aspectRatio": "16:9", "external_task_id": 4175917, "referenceImageUrls": ["https://ai-design-vedio.oss-cn-beijing.aliyuncs.com/assets/images/references/2026/02/10/a9ac29496135b8b9.png"]}', 'https://openpt.wuyinkeji.com/9e88d77127b349e2b2c0ba12a0cc69ce.png', NULL, '2026-02-10 21:16:07.690855', '2026-02-10 21:17:48.161699');
INSERT INTO public.tasks (id, user_id, type, status, params_json, result_url, error_message, created_at, updated_at) VALUES ('task_698b31009b8b7_1770729728', 0, 'image', 'processing', '{"mode": "single", "count": 2, "model": "banana-pro", "prompt": "面霜产品图", "quality": "2k", "duration": 5, "aspectRatio": "3:4", "count_index": 1, "count_requested": 2, "external_task_id": 4176018, "count_total_submitted": 2}', NULL, NULL, '2026-02-10 21:22:09.256797', '2026-02-10 21:22:09.256797');
INSERT INTO public.tasks (id, user_id, type, status, params_json, result_url, error_message, created_at, updated_at) VALUES ('task_698b310140779_1770729729_1', 0, 'image', 'processing', '{"mode": "single", "count": 2, "model": "banana-pro", "prompt": "面霜产品图", "quality": "2k", "duration": 5, "aspectRatio": "3:4", "count_index": 2, "count_requested": 2, "external_task_id": 4176019, "count_total_submitted": 2}', NULL, NULL, '2026-02-10 21:22:10.071879', '2026-02-10 21:22:10.071879');
INSERT INTO public.tasks (id, user_id, type, status, params_json, result_url, error_message, created_at, updated_at) VALUES ('task_698b319736ae5_1770729879_1', 0, 'image', 'processing', '{"mode": "single", "count": 2, "model": "banana-pro", "prompt": "生成两张电商产品图，高级", "quality": "2k", "duration": 5, "aspectRatio": "3:4", "count_index": 2, "count_requested": 2, "external_task_id": 4176063, "referenceImageUrls": ["https://ai-design-vedio.oss-cn-beijing.aliyuncs.com/assets/images/references/2026/02/10/6836525008d50c74.png"], "count_total_submitted": 2}', NULL, NULL, '2026-02-10 21:24:40.039223', '2026-02-10 21:24:40.039223');
INSERT INTO public.tasks (id, user_id, type, status, params_json, result_url, error_message, created_at, updated_at) VALUES ('task_698b31967c0b2_1770729878', 0, 'image', 'completed', '{"mode": "single", "count": 2, "model": "banana-pro", "prompt": "生成两张电商产品图，高级", "quality": "2k", "duration": 5, "aspectRatio": "3:4", "count_index": 1, "count_requested": 2, "external_task_id": 4176062, "referenceImageUrls": ["https://ai-design-vedio.oss-cn-beijing.aliyuncs.com/assets/images/references/2026/02/10/6836525008d50c74.png"], "count_total_submitted": 2}', 'https://openpt.wuyinkeji.com/ddd257ec3c2f4c8ba47ed7798920061e.png', NULL, '2026-02-10 21:24:39.220102', '2026-02-10 21:26:38.64946');
INSERT INTO public.tasks (id, user_id, type, status, params_json, result_url, error_message, created_at, updated_at) VALUES ('task_698b334f0e2e0_1770730319_2', 0, 'image', 'processing', '{"mode": "single", "count": 3, "model": "banana-pro", "prompt": "面霜产品图", "quality": "2k", "duration": 5, "aspectRatio": "3:4", "count_index": 3, "count_requested": 3, "external_task_id": 4176186, "count_total_submitted": 3}', NULL, NULL, '2026-02-10 21:31:59.84576', '2026-02-10 21:31:59.84576');
INSERT INTO public.tasks (id, user_id, type, status, params_json, result_url, error_message, created_at, updated_at) VALUES ('task_698b338995743_1770730377', 0, 'image', 'completed', '{"mode": "single", "count": 2, "model": "banana-pro", "prompt": "生成电商高级产品图", "quality": "2k", "duration": 5, "aspectRatio": "3:4", "count_index": 1, "count_requested": 2, "external_task_id": 4176198, "referenceImageUrls": ["https://ai-design-vedio.oss-cn-beijing.aliyuncs.com/assets/images/references/2026/02/10/cf294f7fba0a10f1.png"], "count_total_submitted": 2}', 'https://openpt.wuyinkeji.com/e506ef46b73e4cd797aece935bf52748.png', NULL, '2026-02-10 21:32:58.272195', '2026-02-10 21:34:08.021383');
INSERT INTO public.tasks (id, user_id, type, status, params_json, result_url, error_message, created_at, updated_at) VALUES ('task_698b338a44013_1770730378_1', 0, 'image', 'completed', '{"mode": "single", "count": 2, "model": "banana-pro", "prompt": "生成电商高级产品图", "quality": "2k", "duration": 5, "aspectRatio": "3:4", "count_index": 2, "count_requested": 2, "external_task_id": 4176199, "referenceImageUrls": ["https://ai-design-vedio.oss-cn-beijing.aliyuncs.com/assets/images/references/2026/02/10/cf294f7fba0a10f1.png"], "count_total_submitted": 2}', 'https://openpt.wuyinkeji.com/93ed48cfe5844873bdcbe759189cc7d5.png', NULL, '2026-02-10 21:32:59.129509', '2026-02-10 21:34:12.695279');
INSERT INTO public.tasks (id, user_id, type, status, params_json, result_url, error_message, created_at, updated_at) VALUES ('task_698b33ff15b03_1770730495', 0, 'image', 'completed', '{"mode": "single", "count": 4, "model": "banana-pro", "prompt": "生成手持产品的电商高级产品图", "quality": "2k", "duration": 5, "aspectRatio": "3:4", "count_index": 1, "count_requested": 4, "external_task_id": 4176243, "referenceImageUrls": ["https://ai-design-vedio.oss-cn-beijing.aliyuncs.com/assets/images/references/2026/02/10/cf294f7fba0a10f1.png"], "count_total_submitted": 4}', 'https://openpt.wuyinkeji.com/404e01bfca724104bf703aa1db3c7b07.png', NULL, '2026-02-10 21:34:56.162282', '2026-02-10 21:35:51.511786');
INSERT INTO public.tasks (id, user_id, type, status, params_json, result_url, error_message, created_at, updated_at) VALUES ('task_698b3401e847c_1770730497_3', 0, 'image', 'completed', '{"mode": "single", "count": 4, "model": "banana-pro", "prompt": "生成手持产品的电商高级产品图", "quality": "2k", "duration": 5, "aspectRatio": "3:4", "count_index": 4, "count_requested": 4, "external_task_id": 4176246, "referenceImageUrls": ["https://ai-design-vedio.oss-cn-beijing.aliyuncs.com/assets/images/references/2026/02/10/cf294f7fba0a10f1.png"], "count_total_submitted": 4}', 'https://openpt.wuyinkeji.com/0437489d164942b9b234cd64ff3ce310.png', NULL, '2026-02-10 21:34:58.775945', '2026-02-10 21:36:13.18853');
INSERT INTO public.tasks (id, user_id, type, status, params_json, result_url, error_message, created_at, updated_at) VALUES ('task_698b34011772d_1770730497_2', 0, 'image', 'completed', '{"mode": "single", "count": 4, "model": "banana-pro", "prompt": "生成手持产品的电商高级产品图", "quality": "2k", "duration": 5, "aspectRatio": "3:4", "count_index": 3, "count_requested": 4, "external_task_id": 4176245, "referenceImageUrls": ["https://ai-design-vedio.oss-cn-beijing.aliyuncs.com/assets/images/references/2026/02/10/cf294f7fba0a10f1.png"], "count_total_submitted": 4}', 'https://openpt.wuyinkeji.com/cb10d4b4578441aa968a48533fcc19fa.png', NULL, '2026-02-10 21:34:57.950712', '2026-02-10 21:36:14.177191');
INSERT INTO public.tasks (id, user_id, type, status, params_json, result_url, error_message, created_at, updated_at) VALUES ('task_698b3400281b9_1770730496_1', 0, 'image', 'completed', '{"mode": "single", "count": 4, "model": "banana-pro", "prompt": "生成手持产品的电商高级产品图", "quality": "2k", "duration": 5, "aspectRatio": "3:4", "count_index": 2, "count_requested": 4, "external_task_id": 4176244, "referenceImageUrls": ["https://ai-design-vedio.oss-cn-beijing.aliyuncs.com/assets/images/references/2026/02/10/cf294f7fba0a10f1.png"], "count_total_submitted": 4}', 'https://openpt.wuyinkeji.com/a1a36290779542cfa9e8976fb2d8bf75.png', NULL, '2026-02-10 21:34:57.095323', '2026-02-10 21:36:36.928141');
INSERT INTO public.tasks (id, user_id, type, status, params_json, result_url, error_message, created_at, updated_at) VALUES ('task_698c831d60f8a_1770816285', 4, 'video', 'processing', '{"mode": "single", "count": 1, "model": "doubao-video", "prompt": "生成一个厨房做饭的视频", "quality": "standard", "duration": 5, "withAudio": false, "aspectRatio": "16:9", "points_charged": 30, "external_task_id": "cgt-20260211212445-7z9hj", "points_charged_paid": 30, "points_charged_bonus": 0}', NULL, NULL, '2026-02-11 21:24:46.102134', '2026-02-11 21:24:46.102134');
INSERT INTO public.tasks (id, user_id, type, status, params_json, result_url, error_message, created_at, updated_at) VALUES ('task_698c84bad10e9_1770816698', 4, 'video', 'completed', '{"mode": "single", "count": 1, "model": "doubao-video", "prompt": "生成在厨房做饭的视频", "quality": "standard", "duration": 5, "withAudio": false, "aspectRatio": "16:9", "points_charged": 30, "external_task_id": "cgt-20260211213139-mkm5b", "points_charged_paid": 30, "points_charged_bonus": 0}', 'https://ark-content-generation-cn-beijing.tos-cn-beijing.volces.com/doubao-seedance-1-5-pro/02177081670163000000000000000000000ffffac191d36791fa7.mp4', NULL, '2026-02-11 21:31:39.253867', '2026-02-11 21:33:21.946229');
INSERT INTO public.tasks (id, user_id, type, status, params_json, result_url, error_message, created_at, updated_at) VALUES ('task_698b3810103ab_1770731536', 0, 'image', 'completed', '{"mode": "single", "count": 2, "model": "banana-pro", "prompt": "生成面霜的产品详情图", "quality": "2k", "duration": 5, "aspectRatio": "3:4", "count_index": 1, "count_requested": 2, "external_task_id": 4176484, "referenceImageUrls": ["https://ai-design-vedio.oss-cn-beijing.aliyuncs.com/assets/images/references/2026/02/10/86255c29dfcdfe1a.png"], "count_total_submitted": 2}', 'https://openpt.wuyinkeji.com/446806bc49f446f78497f726d40cd4a4.png', NULL, '2026-02-10 21:52:16.847913', '2026-02-10 21:53:37.990477');
INSERT INTO public.tasks (id, user_id, type, status, params_json, result_url, error_message, created_at, updated_at) VALUES ('task_698b3810d1da2_1770731536_1', 0, 'image', 'completed', '{"mode": "single", "count": 2, "model": "banana-pro", "prompt": "生成面霜的产品详情图", "quality": "2k", "duration": 5, "aspectRatio": "3:4", "count_index": 2, "count_requested": 2, "external_task_id": 4176485, "referenceImageUrls": ["https://ai-design-vedio.oss-cn-beijing.aliyuncs.com/assets/images/references/2026/02/10/86255c29dfcdfe1a.png"], "count_total_submitted": 2}', 'https://openpt.wuyinkeji.com/92c67016853b4409a429e6671dbb7af7.png', NULL, '2026-02-10 21:52:17.718404', '2026-02-10 21:53:39.013612');
INSERT INTO public.tasks (id, user_id, type, status, params_json, result_url, error_message, created_at, updated_at) VALUES ('task_698bed4246463_1770777922', 4, 'image', 'completed', '{"mode": "single", "count": 1, "model": "banana", "prompt": "生成一个室内照片，卧室", "quality": "2k", "duration": 5, "aspectRatio": "3:4", "count_index": 1, "points_charged": 5, "count_requested": 1, "external_task_id": "image_bcffcd70-5460-4308-a2e5-b632366e86c0", "points_charged_paid": 5, "points_charged_bonus": 0, "count_total_submitted": 1}', 'https://openpt.wuyinkeji.com/0b0ae6bbbc7f4aad979d70da4f8e84db.png', NULL, '2026-02-11 10:45:23.254253', '2026-02-11 10:45:39.462786');
INSERT INTO public.tasks (id, user_id, type, status, params_json, result_url, error_message, created_at, updated_at) VALUES ('task_698bee1ebeb85_1770778142', 4, 'image', 'failed', '{"mode": "single", "count": 2, "model": "banana-pro", "prompt": "生成一个美女照片", "quality": "2k", "duration": 5, "aspectRatio": "3:4", "count_index": 1, "points_charged": 10, "count_requested": 2, "external_task_id": 4189831, "points_charged_paid": 10, "points_charged_bonus": 0, "count_total_submitted": 2}', NULL, 'google gemini timeout...', '2026-02-11 10:49:03.636432', '2026-02-11 10:50:29.52115');
INSERT INTO public.tasks (id, user_id, type, status, params_json, result_url, error_message, created_at, updated_at) VALUES ('task_698bee1f9c083_1770778143_1', 4, 'image', 'failed', '{"mode": "single", "count": 2, "model": "banana-pro", "prompt": "生成一个美女照片", "quality": "2k", "duration": 5, "aspectRatio": "3:4", "count_index": 2, "points_charged": 10, "count_requested": 2, "external_task_id": 4189833, "points_charged_paid": 10, "points_charged_bonus": 0, "count_total_submitted": 2}', NULL, 'google gemini timeout...', '2026-02-11 10:49:04.459828', '2026-02-11 10:50:55.5819');
INSERT INTO public.tasks (id, user_id, type, status, params_json, result_url, error_message, created_at, updated_at) VALUES ('task_698bf07b1d7a3_1770778747', 4, 'image', 'failed', '{"mode": "single", "count": 1, "model": "banana-pro", "prompt": "生成美女图片", "quality": "2k", "duration": 5, "aspectRatio": "3:4", "count_index": 1, "points_charged": 10, "count_requested": 1, "external_task_id": 4190219, "points_charged_paid": 10, "points_charged_bonus": 0, "count_total_submitted": 1}', NULL, 'google gemini timeout...', '2026-02-11 10:59:07.895904', '2026-02-11 11:00:35.886423');
INSERT INTO public.tasks (id, user_id, type, status, params_json, result_url, error_message, created_at, updated_at) VALUES ('task_698c5ae092653_1770805984', 4, 'image', 'completed', '{"mode": "single", "count": 1, "model": "banana-pro", "prompt": "生成一张风景照，故宫前", "quality": "2k", "duration": 5, "aspectRatio": "3:4", "count_index": 1, "points_charged": 10, "count_requested": 1, "external_task_id": 4214894, "points_charged_paid": 10, "points_charged_bonus": 0, "count_total_submitted": 1}', 'https://openpt.wuyinkeji.com/67e3ec2649b5436195d965c5ca77a04a.png', NULL, '2026-02-11 18:33:05.543352', '2026-02-11 18:36:53.29568');
INSERT INTO public.tasks (id, user_id, type, status, params_json, result_url, error_message, created_at, updated_at) VALUES ('task_698c8b265ad4d_1770818342', 4, 'video', 'completed', '{"mode": "single", "count": 1, "model": "doubao-video", "prompt": "生成吃饭视频", "quality": "standard", "duration": 5, "withAudio": false, "aspectRatio": "16:9", "points_charged": 30, "external_task_id": "cgt-20260211215902-r8rxk", "points_charged_paid": 30, "points_charged_bonus": 0}', 'https://ark-content-generation-cn-beijing.tos-cn-beijing.volces.com/doubao-seedance-1-5-pro/02177081834354900000000000000000000ffffac191d3683a2d0.mp4', NULL, '2026-02-11 21:59:02.829832', '2026-02-11 21:59:53.173917');
INSERT INTO public.tasks (id, user_id, type, status, params_json, result_url, error_message, created_at, updated_at) VALUES ('task_698c8ed7a8e0a_1770819287', 4, 'video', 'completed', '{"mode": "single", "count": 1, "model": "doubao-video", "prompt": "生成电商展示视频，面霜产品", "quality": "standard", "duration": 5, "aspectRatio": "16:9", "points_charged": 55, "external_task_id": "cgt-20260211221448-4ngv8", "points_charged_paid": 55, "points_charged_bonus": 0}', 'https://ark-content-generation-cn-beijing.tos-cn-beijing.volces.com/doubao-seedance-1-5-pro/02177081928913000000000000000000000ffffac191d36d0ee44.mp4', NULL, '2026-02-11 22:14:48.262662', '2026-02-11 22:15:30.408677');
INSERT INTO public.tasks (id, user_id, type, status, params_json, result_url, error_message, created_at, updated_at) VALUES ('task_698d84656240c_1770882149', 4, 'image', 'completed', '{"mode": "single", "count": 1, "model": "banana-pro", "prompt": "生成美女图片", "quality": "2k", "duration": 5, "aspectRatio": "3:4", "count_index": 1, "points_charged": 10, "count_requested": 1, "external_task_id": 4243147, "points_charged_paid": 0, "points_charged_bonus": 10, "count_total_submitted": 1}', 'https://openpt.wuyinkeji.com/7e533b77efd84b138d82a770d155fde9.png', NULL, '2026-02-12 15:42:30.178638', '2026-02-12 15:43:55.968303');
INSERT INTO public.tasks (id, user_id, type, status, params_json, result_url, error_message, created_at, updated_at) VALUES ('task_698da09339db5_1770889363', 5, 'image', 'completed', '{"mode": "single", "count": 1, "model": "banana", "prompt": "回归测试：海边日落，写实", "quality": "2k", "duration": 5, "aspectRatio": "3:4", "count_index": 1, "points_charged": 5, "count_requested": 1, "external_task_id": "image_ca0f2813-81f3-4f5b-bb36-da720804933a", "points_charged_paid": 5, "points_charged_bonus": 0, "count_total_submitted": 1}', 'https://openpt.wuyinkeji.com/7a9717818fd0472e92970c299d42ccda.png', NULL, '2026-02-12 17:42:44.158642', '2026-02-12 17:43:06.332');
INSERT INTO public.tasks (id, user_id, type, status, params_json, result_url, error_message, created_at, updated_at) VALUES ('task_698ef5d51ac81_1770976725', 4, 'image', 'completed', '{"mode": "single", "count": 1, "model": "banana-pro", "prompt": "生成美女图", "quality": "2k", "duration": 5, "aspectRatio": "3:4", "count_index": 1, "points_charged": 10, "count_requested": 1, "external_task_id": 4274605, "points_charged_paid": 10, "points_charged_bonus": 0, "count_total_submitted": 1}', 'https://ai-design-vedio.oss-cn-beijing.aliyuncs.com/assets/images/generated/2026/02/13/b60f7101c01f0273.png', NULL, '2026-02-13 17:58:46.06784', '2026-02-13 17:59:41.576417');
INSERT INTO public.tasks (id, user_id, type, status, params_json, result_url, error_message, created_at, updated_at) VALUES ('task_698ef931e5a86_1770977585', 4, 'video', 'completed', '{"mode": "single", "count": 1, "model": "doubao-video", "prompt": "生成美女在厨房做饭的视频", "quality": "standard", "duration": 5, "aspectRatio": "16:9", "points_charged": 55, "external_task_id": "cgt-20260213181306-2k8g7", "points_charged_paid": 55, "points_charged_bonus": 0}', 'https://ai-design-vedio.oss-cn-beijing.aliyuncs.com/assets/videos/generated/2026/02/13/408b818a21560979.mp4', NULL, '2026-02-13 18:13:06.536547', '2026-02-13 18:13:55.0177');
INSERT INTO public.tasks (id, user_id, type, status, params_json, result_url, error_message, created_at, updated_at) VALUES ('task_698f2436c5c9a_1770988598', 4, 'video', 'processing', '{"mode": "single", "count": 1, "model": "doubao-video", "prompt": "生成PPT展示的画面", "quality": "standard", "duration": 5, "aspectRatio": "16:9", "lastFrameUrl": "https://ai-design-vedio.oss-cn-beijing.aliyuncs.com/assets/images/frames/2026/02/13/8abdfc180630bcda.png", "firstFrameUrl": "https://ai-design-vedio.oss-cn-beijing.aliyuncs.com/assets/images/frames/2026/02/13/13d8ab2976240fbf.png", "points_charged": 55, "external_task_id": "cgt-20260213211639-fjw57", "points_charged_paid": 55, "points_charged_bonus": 0}', NULL, NULL, '2026-02-13 21:16:39.878434', '2026-02-13 21:16:39.878434');
INSERT INTO public.tasks (id, user_id, type, status, params_json, result_url, error_message, created_at, updated_at) VALUES ('task_698f27271fe11_1770989351', 4, 'video', 'completed', '{"mode": "single", "count": 1, "model": "doubao-video", "prompt": "生成一段PPT展示动画", "quality": "standard", "duration": 5, "aspectRatio": "16:9", "firstFrameUrl": "https://ai-design-vedio.oss-cn-beijing.aliyuncs.com/assets/images/frames/2026/02/13/b7027483827bb268.png", "points_charged": 55, "external_task_id": "cgt-20260213212911-f4ft7", "points_charged_paid": 55, "points_charged_bonus": 0}', 'https://ai-design-vedio.oss-cn-beijing.aliyuncs.com/assets/videos/generated/2026/02/13/cc1507fbf8989fac.mp4', NULL, '2026-02-13 21:29:12.086139', '2026-02-13 21:30:27.244218');
INSERT INTO public.tasks (id, user_id, type, status, params_json, result_url, error_message, created_at, updated_at) VALUES ('task_698fdc90e2d97_1771035792', 4, 'image', 'completed', '{"mode": "single", "count": 1, "model": "banana-pro", "prompt": "生成我的inspiredrop的mac应用宣传图", "quality": "2k", "duration": 5, "aspectRatio": "3:4", "count_index": 1, "points_charged": 10, "count_requested": 1, "external_task_id": 4290749, "referenceImageUrls": ["https://ai-design-vedio.oss-cn-beijing.aliyuncs.com/assets/images/references/2026/02/14/3ebf8df2fc910cd6.png"], "points_charged_paid": 0, "points_charged_bonus": 10, "count_total_submitted": 1}', 'https://ai-design-vedio.oss-cn-beijing.aliyuncs.com/assets/images/generated/2026/02/14/23c4edc31760234d.png', NULL, '2026-02-14 10:23:13.931558', '2026-02-14 10:24:38.837979');
INSERT INTO public.tasks (id, user_id, type, status, params_json, result_url, error_message, created_at, updated_at) VALUES ('task_698fdec3af480_1771036355', 4, 'image', 'completed', '{"mode": "single", "count": 1, "model": "banana-pro", "prompt": "生成类似卡片", "quality": "2k", "duration": 5, "aspectRatio": "3:4", "count_index": 1, "points_charged": 10, "count_requested": 1, "external_task_id": 4290904, "referenceImageUrls": ["https://ai-design-vedio.oss-cn-beijing.aliyuncs.com/assets/images/references/2026/02/14/ec105403a5bdb943.jpg"], "points_charged_paid": 4, "points_charged_bonus": 6, "count_total_submitted": 1}', 'https://ai-design-vedio.oss-cn-beijing.aliyuncs.com/assets/images/generated/2026/02/14/a323191318c87cdd.png', NULL, '2026-02-14 10:32:36.583393', '2026-02-14 10:33:35.526645');
INSERT INTO public.tasks (id, user_id, type, status, params_json, result_url, error_message, created_at, updated_at) VALUES ('task_698fdf4e95455_1771036494', 4, 'image', 'completed', '{"mode": "single", "count": 1, "model": "banana-pro", "prompt": "帮我P图，P好看点", "quality": "2k", "duration": 5, "aspectRatio": "3:4", "count_index": 1, "points_charged": 10, "count_requested": 1, "external_task_id": 4290929, "referenceImageUrls": ["https://ai-design-vedio.oss-cn-beijing.aliyuncs.com/assets/images/references/2026/02/14/ca5a001666ca039e.jpg"], "points_charged_paid": 10, "points_charged_bonus": 0, "count_total_submitted": 1}', 'https://ai-design-vedio.oss-cn-beijing.aliyuncs.com/assets/images/generated/2026/02/14/2b46921f929d64a5.png', NULL, '2026-02-14 10:34:55.631667', '2026-02-14 10:36:03.135267');


--
-- Data for Name: tutorials; Type: TABLE DATA; Schema: public; Owner: believer
--

INSERT INTO public.tutorials (id, title, description, cover_url, video_url, is_published, sort_order, created_by, created_at, updated_at) VALUES (1, '111', '', '', 'https://ai-design-vedio.oss-cn-beijing.aliyuncs.com/assets/videos/tutorials/2026/02/12/5b8879c75af175c8.mp4', true, 0, 4, '2026-02-12 11:46:07.410176', '2026-02-12 11:46:07.410176');


--
-- Data for Name: user_memberships; Type: TABLE DATA; Schema: public; Owner: believer
--

INSERT INTO public.user_memberships (user_id, plan_code, daily_bonus_points, started_at, expires_at, status, updated_at, created_at) VALUES (1, 'member_first_month', 16, '2026-02-10 23:14:56', '2026-03-12 23:14:56', 'active', '2026-02-10 23:14:56.017673', '2026-02-10 23:14:56.017673');
INSERT INTO public.user_memberships (user_id, plan_code, daily_bonus_points, started_at, expires_at, status, updated_at, created_at) VALUES (4, 'member_test_0_1', 16, '2026-02-12 15:30:48', '2026-02-12 18:41:00.07462', 'expired', '2026-02-12 18:41:00.07462', '2026-02-12 15:30:48.176868');


--
-- Data for Name: user_wallets; Type: TABLE DATA; Schema: public; Owner: believer
--

INSERT INTO public.user_wallets (user_id, paid_balance, bonus_balance, bonus_cycle_key, updated_at) VALUES (4, 43, 0, NULL, '2026-02-14 16:21:04.082591');
INSERT INTO public.user_wallets (user_id, paid_balance, bonus_balance, bonus_cycle_key, updated_at) VALUES (1, 380, 16, '2026-02-12', '2026-02-12 18:28:59.613475');
INSERT INTO public.user_wallets (user_id, paid_balance, bonus_balance, bonus_cycle_key, updated_at) VALUES (2, 0, 16, '2026-02-12', '2026-02-12 18:28:59.613475');
INSERT INTO public.user_wallets (user_id, paid_balance, bonus_balance, bonus_cycle_key, updated_at) VALUES (5, 195, 16, '2026-02-12', '2026-02-12 18:28:59.613475');
INSERT INTO public.user_wallets (user_id, paid_balance, bonus_balance, bonus_cycle_key, updated_at) VALUES (3, 0, 16, '2026-02-12', '2026-02-12 18:28:59.613475');


--
-- Name: admin_audit_logs_id_seq; Type: SEQUENCE SET; Schema: public; Owner: believer
--

SELECT pg_catalog.setval('public.admin_audit_logs_id_seq', 70, true);


--
-- Name: assets_id_seq; Type: SEQUENCE SET; Schema: public; Owner: believer
--

SELECT pg_catalog.setval('public.assets_id_seq', 36, true);


--
-- Name: payment_orders_id_seq; Type: SEQUENCE SET; Schema: public; Owner: believer
--

SELECT pg_catalog.setval('public.payment_orders_id_seq', 25, true);


--
-- Name: points_ledger_id_seq; Type: SEQUENCE SET; Schema: public; Owner: believer
--

SELECT pg_catalog.setval('public.points_ledger_id_seq', 50, true);


--
-- Name: sms_verification_codes_id_seq; Type: SEQUENCE SET; Schema: public; Owner: believer
--

SELECT pg_catalog.setval('public.sms_verification_codes_id_seq', 4, true);


--
-- Name: tutorials_id_seq; Type: SEQUENCE SET; Schema: public; Owner: believer
--

SELECT pg_catalog.setval('public.tutorials_id_seq', 1, true);


--
-- Name: users_id_seq; Type: SEQUENCE SET; Schema: public; Owner: believer
--

SELECT pg_catalog.setval('public.users_id_seq', 5, true);


--
-- PostgreSQL database dump complete
--

\unrestrict 7ryLW0WD8bGwM245EWjDk8uxa1BfuKM1NMmg0nPTowOUyuXSqtEAQwg4gVTbe1C

